customer_state,order_purchase_year,order_purchase_week,Total_sales
AC,2017,12,140.65
AC,2017,13,501.36
AC,2017,19,171.03
AC,2017,20,448.3
AC,2017,21,100.91
AC,2017,22,1229.3
AC,2017,23,363.57
AC,2017,26,290.3
AC,2017,31,167.35999999999999
AC,2017,32,931.32
AC,2017,33,319.41999999999996
AC,2017,34,184.76
AC,2017,35,1497.8200000000002
AC,2017,37,88.27
AC,2017,40,147.59
AC,2017,41,298.3
AC,2017,42,218.95
AC,2017,43,181.07999999999998
AC,2017,44,158.27
AC,2017,45,81.88
AC,2017,46,169.26
AC,2017,47,1024.23
AC,2017,48,62.92
AC,2017,50,332.94
AC,2017,52,1022.82
AC,2018,1,348.47
AC,2018,10,65.38
AC,2018,11,544.71
AC,2018,12,932.1300000000001
AC,2018,14,294.96000000000004
AC,2018,16,132.82
AC,2018,17,1671.2600000000002
AC,2018,18,665.0
AC,2018,19,130.22
AC,2018,2,209.96
AC,2018,20,426.08
AC,2018,24,208.34
AC,2018,27,58.85
AC,2018,29,149.81
AC,2018,3,782.4200000000001
AC,2018,31,745.92
AC,2018,32,327.46000000000004
AC,2018,33,995.1800000000001
AC,2018,34,139.52
AC,2018,4,200.24
AC,2018,5,1171.69
AC,2018,7,785.41
AC,2018,8,224.86
AC,2018,9,105.94
AL,2016,40,507.4599999999999
AL,2016,41,119.21000000000001
AL,2017,10,410.53999999999996
AL,2017,11,408.64
AL,2017,12,152.07
AL,2017,13,830.89
AL,2017,14,50.15
AL,2017,16,344.3
AL,2017,17,261.78
AL,2017,18,720.3800000000001
AL,2017,19,2844.43
AL,2017,20,2444.54
AL,2017,21,522.23
AL,2017,22,572.78
AL,2017,23,651.97
AL,2017,24,721.81
AL,2017,25,1792.87
AL,2017,26,1027.57
AL,2017,27,2985.7700000000004
AL,2017,28,831.6099999999999
AL,2017,29,1133.86
AL,2017,30,308.61
AL,2017,31,235.06
AL,2017,32,225.22
AL,2017,33,1671.8000000000002
AL,2017,34,165.38
AL,2017,35,1015.86
AL,2017,36,1694.03
AL,2017,37,1794.31
AL,2017,38,860.65
AL,2017,39,3486.28
AL,2017,4,439.21
AL,2017,40,455.44
AL,2017,41,783.7900000000001
AL,2017,42,825.26
AL,2017,43,626.49
AL,2017,44,989.69
AL,2017,45,1387.1100000000001
AL,2017,46,828.48
AL,2017,47,3118.64
AL,2017,48,2994.9800000000005
AL,2017,49,2892.4799999999996
AL,2017,5,434.97
AL,2017,50,678.05
AL,2017,51,285.8
AL,2017,52,950.17
AL,2017,6,166.07999999999998
AL,2017,7,1406.08
AL,2017,8,1040.21
AL,2017,9,64.14
AL,2018,1,6390.589999999999
AL,2018,10,806.64
AL,2018,11,1614.0800000000002
AL,2018,12,2196.7799999999997
AL,2018,13,2101.22
AL,2018,14,2268.8
AL,2018,15,356.15999999999997
AL,2018,16,2046.6100000000001
AL,2018,17,2595.3599999999997
AL,2018,18,530.61
AL,2018,19,482.58000000000004
AL,2018,2,3294.47
AL,2018,20,1421.05
AL,2018,21,220.35
AL,2018,22,137.24
AL,2018,23,4703.83
AL,2018,24,833.55
AL,2018,25,1110.3500000000001
AL,2018,26,735.63
AL,2018,27,61.28
AL,2018,28,1231.42
AL,2018,29,3262.8399999999997
AL,2018,3,2390.0
AL,2018,30,1993.4199999999998
AL,2018,31,5164.849999999999
AL,2018,32,791.3199999999999
AL,2018,33,1868.46
AL,2018,34,1197.8600000000001
AL,2018,35,239.60000000000002
AL,2018,4,1132.02
AL,2018,5,989.3100000000001
AL,2018,6,2037.4399999999998
AL,2018,7,1165.1599999999999
AL,2018,8,2196.39
AL,2018,9,935.9000000000001
AM,2017,10,107.46000000000001
AM,2017,18,667.2
AM,2017,19,95.11
AM,2017,2,142.27
AM,2017,20,184.62
AM,2017,21,1180.4599999999998
AM,2017,22,181.75
AM,2017,23,421.53999999999996
AM,2017,25,204.4
AM,2017,26,114.55000000000001
AM,2017,29,207.78
AM,2017,30,334.59000000000003
AM,2017,31,561.98
AM,2017,32,864.3599999999999
AM,2017,33,312.83
AM,2017,34,1694.64
AM,2017,35,308.8
AM,2017,36,96.75
AM,2017,37,328.95000000000005
AM,2017,39,114.07
AM,2017,4,180.82
AM,2017,40,160.67000000000002
AM,2017,41,295.91
AM,2017,43,147.03
AM,2017,44,83.05
AM,2017,45,113.85
AM,2017,46,135.16
AM,2017,47,1695.19
AM,2017,48,936.51
AM,2017,49,616.75
AM,2017,50,54.34
AM,2017,51,106.2
AM,2017,9,201.40999999999997
AM,2018,1,205.57
AM,2018,10,722.06
AM,2018,11,539.13
AM,2018,12,385.90999999999997
AM,2018,14,162.34
AM,2018,15,580.42
AM,2018,16,968.4499999999999
AM,2018,17,219.92000000000002
AM,2018,18,167.45
AM,2018,19,218.90000000000003
AM,2018,2,960.8999999999999
AM,2018,20,991.4000000000001
AM,2018,21,186.77
AM,2018,23,810.5600000000001
AM,2018,24,302.12
AM,2018,25,289.43
AM,2018,26,124.86
AM,2018,27,1684.8800000000003
AM,2018,29,673.69
AM,2018,3,207.09
AM,2018,30,207.32
AM,2018,31,1987.4099999999999
AM,2018,32,398.11
AM,2018,33,485.61
AM,2018,34,119.31
AM,2018,4,219.43
AM,2018,5,677.25
AM,2018,6,125.77
AM,2018,7,2329.94
AM,2018,8,788.35
AM,2018,9,265.21000000000004
AP,2017,15,102.59
AP,2017,16,1123.95
AP,2017,21,184.04
AP,2017,22,57.83
AP,2017,23,1744.72
AP,2017,26,129.1
AP,2017,30,146.2
AP,2017,32,134.99
AP,2017,34,229.88
AP,2017,35,163.87
AP,2017,36,114.87
AP,2017,38,112.80000000000001
AP,2017,39,292.48
AP,2017,40,197.47
AP,2017,42,299.27
AP,2017,45,216.26
AP,2017,47,440.21000000000004
AP,2017,48,880.1199999999999
AP,2017,5,54.739999999999995
AP,2017,51,178.0
AP,2017,52,61.989999999999995
AP,2017,6,70.25
AP,2017,7,115.17
AP,2018,10,402.37
AP,2018,11,134.99
AP,2018,14,417.28999999999996
AP,2018,15,303.37
AP,2018,16,152.0
AP,2018,19,657.61
AP,2018,2,2965.7900000000004
AP,2018,22,1573.3100000000002
AP,2018,23,1324.8000000000002
AP,2018,24,90.67999999999999
AP,2018,28,66.1
AP,2018,29,135.79
AP,2018,31,100.02
AP,2018,32,71.14
AP,2018,33,163.68
AP,2018,34,316.34000000000003
AP,2018,4,347.37
AP,2018,7,154.99
AP,2018,8,912.3899999999999
AP,2018,9,126.23
BA,2016,37,118.93
BA,2016,40,8042.62
BA,2016,41,149.6
BA,2017,1,163.67999999999998
BA,2017,10,2235.63
BA,2017,11,3627.9700000000003
BA,2017,12,4319.9
BA,2017,13,4680.32
BA,2017,14,3948.71
BA,2017,15,2458.15
BA,2017,16,1476.2300000000002
BA,2017,17,7385.429999999999
BA,2017,18,4982.85
BA,2017,19,4781.630000000001
BA,2017,2,343.37
BA,2017,20,13411.44
BA,2017,21,4574.8
BA,2017,22,7893.02
BA,2017,23,3368.04
BA,2017,24,3946.3199999999997
BA,2017,25,3042.94
BA,2017,26,5967.030000000001
BA,2017,27,4206.97
BA,2017,28,5180.070000000001
BA,2017,29,3547.5
BA,2017,3,2068.81
BA,2017,30,9805.74
BA,2017,31,6237.43
BA,2017,32,5560.610000000001
BA,2017,33,6118.049999999999
BA,2017,34,3714.4199999999996
BA,2017,35,7409.800000000001
BA,2017,36,5264.08
BA,2017,37,5435.05
BA,2017,38,10571.01
BA,2017,39,5467.33
BA,2017,4,3048.83
BA,2017,40,4449.87
BA,2017,41,5228.49
BA,2017,42,7269.5599999999995
BA,2017,43,5808.540000000001
BA,2017,44,8117.74
BA,2017,45,9790.45
BA,2017,46,10116.64
BA,2017,47,20859.760000000002
BA,2017,48,16892.35
BA,2017,49,17480.57
BA,2017,5,1794.8299999999997
BA,2017,50,9052.350000000002
BA,2017,51,4938.799999999999
BA,2017,52,8217.43
BA,2017,6,2450.55
BA,2017,7,3364.01
BA,2017,8,2304.3900000000003
BA,2017,9,2235.81
BA,2018,1,8177.480000000001
BA,2018,10,12415.21
BA,2018,11,9327.37
BA,2018,12,12056.71
BA,2018,13,12209.43
BA,2018,14,15190.470000000001
BA,2018,15,6583.040000000001
BA,2018,16,16571.250000000004
BA,2018,17,8663.179999999998
BA,2018,18,10346.080000000002
BA,2018,19,12031.880000000001
BA,2018,2,14790.82
BA,2018,20,15148.45
BA,2018,21,6282.92
BA,2018,22,12455.130000000001
BA,2018,23,8915.8
BA,2018,24,19799.4
BA,2018,25,9181.490000000002
BA,2018,26,10980.289999999999
BA,2018,27,7693.029999999999
BA,2018,28,6299.000000000001
BA,2018,29,6745.14
BA,2018,3,10162.32
BA,2018,30,16630.04
BA,2018,31,11771.169999999998
BA,2018,32,11858.810000000001
BA,2018,33,8273.140000000001
BA,2018,34,6438.64
BA,2018,35,125.44
BA,2018,4,12502.870000000003
BA,2018,5,18037.280000000002
BA,2018,6,17288.039999999997
BA,2018,7,12100.279999999999
BA,2018,8,11689.199999999999
BA,2018,9,12390.61
CE,2016,37,116.89
CE,2016,40,640.19
CE,2017,1,369.22
CE,2017,10,752.9200000000001
CE,2017,11,733.1199999999999
CE,2017,12,1424.3600000000001
CE,2017,13,1193.63
CE,2017,14,656.88
CE,2017,15,9196.92
CE,2017,16,606.38
CE,2017,17,2833.35
CE,2017,18,2858.76
CE,2017,19,4038.6800000000003
CE,2017,2,561.42
CE,2017,20,4543.81
CE,2017,21,2790.3700000000003
CE,2017,22,2027.3899999999999
CE,2017,23,2409.25
CE,2017,24,1730.65
CE,2017,25,2940.04
CE,2017,26,1694.9399999999998
CE,2017,27,2246.71
CE,2017,28,2953.5599999999995
CE,2017,29,2715.48
CE,2017,3,1028.46
CE,2017,30,3196.3100000000004
CE,2017,31,1551.8600000000001
CE,2017,32,3702.6799999999994
CE,2017,33,3068.31
CE,2017,34,2739.87
CE,2017,35,1157.46
CE,2017,36,2232.8599999999997
CE,2017,37,3782.01
CE,2017,38,1128.7
CE,2017,39,3825.7699999999995
CE,2017,4,1389.3
CE,2017,40,2947.12
CE,2017,41,3679.0199999999995
CE,2017,42,4407.530000000001
CE,2017,43,1982.6399999999999
CE,2017,44,1160.0
CE,2017,45,4370.87
CE,2017,46,7188.579999999999
CE,2017,47,6732.200000000001
CE,2017,48,7302.18
CE,2017,49,4780.950000000001
CE,2017,5,1275.98
CE,2017,50,1690.5700000000002
CE,2017,51,2929.71
CE,2017,52,3197.35
CE,2017,6,2216.69
CE,2017,7,804.95
CE,2017,8,1999.3700000000001
CE,2017,9,993.82
CE,2018,1,3017.26
CE,2018,10,6250.759999999998
CE,2018,11,8127.57
CE,2018,12,3390.95
CE,2018,13,8661.03
CE,2018,14,4904.400000000001
CE,2018,15,2511.9399999999996
CE,2018,16,4290.0
CE,2018,17,3104.7700000000004
CE,2018,18,5116.049999999999
CE,2018,19,6515.93
CE,2018,2,5665.58
CE,2018,20,7926.870000000001
CE,2018,21,1601.4099999999999
CE,2018,22,1394.24
CE,2018,23,2820.1900000000005
CE,2018,24,3144.0299999999997
CE,2018,25,2476.12
CE,2018,26,3752.79
CE,2018,27,4486.33
CE,2018,28,2569.83
CE,2018,29,3422.6600000000003
CE,2018,3,6004.110000000001
CE,2018,30,4555.74
CE,2018,31,4554.98
CE,2018,32,4925.79
CE,2018,33,2826.8999999999996
CE,2018,34,14421.559999999998
CE,2018,35,554.6999999999999
CE,2018,4,5057.660000000001
CE,2018,5,6907.5
CE,2018,6,5219.33
CE,2018,7,3059.27
CE,2018,8,2428.91
CE,2018,9,4363.84
DF,2016,40,1739.34
DF,2017,1,39.0
DF,2017,10,542.44
DF,2017,11,3310.25
DF,2017,12,2837.1400000000003
DF,2017,13,2159.9300000000003
DF,2017,14,1541.25
DF,2017,15,1328.3500000000001
DF,2017,16,1415.87
DF,2017,17,1178.31
DF,2017,18,2073.87
DF,2017,19,2656.76
DF,2017,2,690.79
DF,2017,20,3037.73
DF,2017,21,1567.63
DF,2017,22,2768.87
DF,2017,23,4264.11
DF,2017,24,5426.799999999999
DF,2017,25,1745.04
DF,2017,26,2776.36
DF,2017,27,2498.09
DF,2017,28,3100.0599999999995
DF,2017,29,4443.83
DF,2017,3,1630.32
DF,2017,30,2737.72
DF,2017,31,1816.08
DF,2017,32,7230.69
DF,2017,33,4181.43
DF,2017,34,4520.59
DF,2017,35,7789.700000000001
DF,2017,36,2262.59
DF,2017,37,3001.81
DF,2017,38,5497.45
DF,2017,39,4407.34
DF,2017,4,619.77
DF,2017,40,3268.21
DF,2017,41,2435.43
DF,2017,42,5293.249999999998
DF,2017,43,4780.51
DF,2017,44,2417.75
DF,2017,45,3963.96
DF,2017,46,4432.049999999999
DF,2017,47,9527.289999999999
DF,2017,48,7287.980000000001
DF,2017,49,3554.7099999999996
DF,2017,5,1678.8600000000001
DF,2017,50,6341.370000000001
DF,2017,51,2495.33
DF,2017,52,1589.52
DF,2017,6,3717.74
DF,2017,7,694.35
DF,2017,8,957.45
DF,2017,9,2424.62
DF,2018,1,3430.040000000001
DF,2018,10,5173.29
DF,2018,11,4130.85
DF,2018,12,6206.449999999999
DF,2018,13,4240.549999999999
DF,2018,14,4874.7300000000005
DF,2018,15,5336.58
DF,2018,16,7749.810000000001
DF,2018,17,7406.56
DF,2018,18,6159.69
DF,2018,19,6940.830000000001
DF,2018,2,7197.28
DF,2018,20,7709.47
DF,2018,21,7086.429999999999
DF,2018,22,2570.76
DF,2018,23,6616.96
DF,2018,24,5072.17
DF,2018,25,8001.860000000001
DF,2018,26,6769.45
DF,2018,27,3706.45
DF,2018,28,7256.04
DF,2018,29,7073.290000000001
DF,2018,3,6481.63
DF,2018,30,3769.87
DF,2018,31,8336.43
DF,2018,32,4521.01
DF,2018,33,7622.9000000000015
DF,2018,34,2703.8199999999997
DF,2018,35,669.65
DF,2018,4,4341.11
DF,2018,5,5087.700000000001
DF,2018,6,2557.38
DF,2018,7,5674.88
DF,2018,8,4351.78
DF,2018,9,6804.09
ES,2016,40,611.77
ES,2016,41,571.59
ES,2017,1,116.94
ES,2017,10,1538.12
ES,2017,11,2530.46
ES,2017,12,1115.66
ES,2017,13,1066.25
ES,2017,14,1241.76
ES,2017,15,3112.59
ES,2017,16,1232.58
ES,2017,17,829.7199999999999
ES,2017,18,2409.24
ES,2017,19,3200.35
ES,2017,2,233.19
ES,2017,20,4159.33
ES,2017,21,7199.11
ES,2017,22,2535.36
ES,2017,23,1203.73
ES,2017,24,2111.54
ES,2017,25,3865.1799999999994
ES,2017,26,1523.6
ES,2017,27,2068.07
ES,2017,28,2098.74
ES,2017,29,5524.39
ES,2017,3,374.76
ES,2017,30,616.6899999999999
ES,2017,31,2943.5299999999997
ES,2017,32,2518.6400000000003
ES,2017,33,3900.8900000000003
ES,2017,34,2810.41
ES,2017,35,1935.7600000000002
ES,2017,36,3956.6800000000003
ES,2017,37,3031.8100000000004
ES,2017,38,2774.32
ES,2017,39,2813.5300000000007
ES,2017,4,682.67
ES,2017,40,4990.97
ES,2017,41,2867.36
ES,2017,42,3153.47
ES,2017,43,3096.92
ES,2017,44,5285.46
ES,2017,45,4412.01
ES,2017,46,4181.299999999999
ES,2017,47,9628.82
ES,2017,48,6443.369999999999
ES,2017,49,5528.780000000001
ES,2017,5,2568.1899999999996
ES,2017,50,4455.62
ES,2017,51,2452.54
ES,2017,52,3202.8599999999997
ES,2017,6,1024.5
ES,2017,7,2033.1
ES,2017,8,1190.9299999999998
ES,2017,9,1099.8200000000002
ES,2018,1,3110.75
ES,2018,10,7502.3099999999995
ES,2018,11,5979.639999999999
ES,2018,12,8065.009999999999
ES,2018,13,5609.11
ES,2018,14,6004.289999999999
ES,2018,15,6045.13
ES,2018,16,4697.03
ES,2018,17,4698.2
ES,2018,18,3975.17
ES,2018,19,7603.95
ES,2018,2,11831.02
ES,2018,20,8184.589999999999
ES,2018,21,3393.58
ES,2018,22,1548.27
ES,2018,23,4533.110000000001
ES,2018,24,7190.550000000001
ES,2018,25,5682.75
ES,2018,26,2832.16
ES,2018,27,2991.2200000000003
ES,2018,28,1729.2
ES,2018,29,5960.29
ES,2018,3,6629.870000000001
ES,2018,30,5452.780000000001
ES,2018,31,5104.33
ES,2018,32,33636.29
ES,2018,33,7492.400000000001
ES,2018,34,5863.210000000001
ES,2018,35,1112.59
ES,2018,4,8825.35
ES,2018,5,2993.8100000000004
ES,2018,6,5566.18
ES,2018,7,2926.5600000000004
ES,2018,8,10159.54
ES,2018,9,8328.82
GO,2016,40,983.5800000000002
GO,2016,41,196.42000000000002
GO,2017,10,2173.87
GO,2017,11,2037.71
GO,2017,12,1803.43
GO,2017,13,2058.52
GO,2017,14,1547.92
GO,2017,15,1160.17
GO,2017,16,1111.69
GO,2017,17,2460.93
GO,2017,18,3932.1400000000003
GO,2017,19,14057.099999999999
GO,2017,2,75.65
GO,2017,20,3633.8999999999996
GO,2017,21,2656.3599999999997
GO,2017,22,4237.400000000001
GO,2017,23,1402.3600000000001
GO,2017,24,3124.79
GO,2017,25,1215.7600000000002
GO,2017,26,1431.85
GO,2017,27,2008.25
GO,2017,28,10303.49
GO,2017,29,2409.9900000000002
GO,2017,3,288.19
GO,2017,30,2343.63
GO,2017,31,2691.86
GO,2017,32,42881.170000000006
GO,2017,33,2414.08
GO,2017,34,2739.5600000000004
GO,2017,35,3496.44
GO,2017,36,4506.33
GO,2017,37,3222.4
GO,2017,38,4414.8
GO,2017,39,3622.4800000000005
GO,2017,4,551.68
GO,2017,40,4621.2
GO,2017,41,3413.8200000000006
GO,2017,42,2730.84
GO,2017,43,3345.69
GO,2017,44,4033.33
GO,2017,45,6388.77
GO,2017,46,2135.84
GO,2017,47,23477.41
GO,2017,48,9368.82
GO,2017,49,6222.710000000001
GO,2017,5,428.44
GO,2017,50,3199.16
GO,2017,51,3217.25
GO,2017,52,3118.6600000000003
GO,2017,6,1350.7
GO,2017,7,1728.75
GO,2017,8,1168.5900000000001
GO,2017,9,1601.52
GO,2018,1,4880.94
GO,2018,10,5138.95
GO,2018,11,5449.32
GO,2018,12,3943.33
GO,2018,13,5564.719999999999
GO,2018,14,4693.01
GO,2018,15,6388.389999999999
GO,2018,16,5265.5599999999995
GO,2018,17,6726.160000000001
GO,2018,18,4631.349999999999
GO,2018,19,16320.04
GO,2018,2,6984.1
GO,2018,20,7021.120000000001
GO,2018,21,1332.65
GO,2018,22,2490.36
GO,2018,23,4230.36
GO,2018,24,2757.3599999999997
GO,2018,25,9258.509999999998
GO,2018,26,4095.35
GO,2018,27,12487.47
GO,2018,28,2398.87
GO,2018,29,6442.46
GO,2018,3,4224.969999999999
GO,2018,30,5240.34
GO,2018,31,10314.490000000002
GO,2018,32,9678.53
GO,2018,33,6152.519999999999
GO,2018,34,5297.33
GO,2018,35,259.78
GO,2018,4,6656.6
GO,2018,5,4638.74
GO,2018,6,3081.01
GO,2018,7,4739.389999999999
GO,2018,8,6681.8099999999995
GO,2018,9,7896.799999999999
MA,2016,40,377.72
MA,2016,42,86.97
MA,2017,10,1025.54
MA,2017,11,974.8100000000001
MA,2017,12,1262.05
MA,2017,13,452.21999999999997
MA,2017,14,995.9300000000001
MA,2017,15,1024.13
MA,2017,16,511.23
MA,2017,17,788.81
MA,2017,18,244.12
MA,2017,19,596.45
MA,2017,20,1776.6599999999999
MA,2017,21,1425.1200000000001
MA,2017,22,1226.2399999999998
MA,2017,23,1143.1799999999998
MA,2017,24,2346.74
MA,2017,25,633.3199999999999
MA,2017,26,967.8
MA,2017,27,3022.29
MA,2017,28,1056.62
MA,2017,29,904.4200000000001
MA,2017,30,632.0600000000001
MA,2017,31,1419.62
MA,2017,32,2505.4100000000003
MA,2017,33,2947.51
MA,2017,34,940.91
MA,2017,35,5117.780000000001
MA,2017,36,2854.3899999999994
MA,2017,37,4119.33
MA,2017,38,1777.92
MA,2017,39,1738.6499999999999
MA,2017,4,537.1099999999999
MA,2017,40,1179.5300000000002
MA,2017,41,1694.1299999999999
MA,2017,42,3384.84
MA,2017,43,709.9300000000001
MA,2017,44,2276.33
MA,2017,45,3109.8700000000003
MA,2017,46,2915.13
MA,2017,47,2830.0299999999997
MA,2017,48,2501.5199999999995
MA,2017,49,8386.02
MA,2017,5,838.4899999999999
MA,2017,50,2629.33
MA,2017,51,1978.4599999999998
MA,2017,52,653.98
MA,2017,6,1634.5600000000002
MA,2017,7,1716.3500000000001
MA,2017,8,650.5699999999999
MA,2017,9,644.48
MA,2018,1,1692.5
MA,2018,10,4810.16
MA,2018,11,1675.87
MA,2018,12,1684.8400000000001
MA,2018,13,1456.51
MA,2018,14,2175.0099999999998
MA,2018,15,2493.82
MA,2018,16,2859.81
MA,2018,17,2063.13
MA,2018,18,3215.7400000000007
MA,2018,19,3525.63
MA,2018,2,3383.4000000000005
MA,2018,20,3411.54
MA,2018,21,436.56
MA,2018,22,1248.21
MA,2018,23,1886.11
MA,2018,24,1288.67
MA,2018,25,1656.2299999999998
MA,2018,26,2156.46
MA,2018,27,2158.59
MA,2018,28,1339.77
MA,2018,29,6105.49
MA,2018,3,4808.09
MA,2018,30,2565.01
MA,2018,31,2567.48
MA,2018,32,2067.5499999999997
MA,2018,33,2468.04
MA,2018,34,877.25
MA,2018,4,2041.43
MA,2018,5,2396.67
MA,2018,6,866.3299999999999
MA,2018,7,5210.900000000001
MA,2018,8,4338.92
MA,2018,9,2601.7299999999996
MG,2016,36,73.16
MG,2016,39,72.14
MG,2016,40,5681.13
MG,2016,41,501.88000000000005
MG,2017,1,1730.7899999999997
MG,2017,10,12719.330000000002
MG,2017,11,10191.31
MG,2017,12,16104.189999999999
MG,2017,13,9729.280000000002
MG,2017,14,12111.48
MG,2017,15,8418.650000000001
MG,2017,16,9999.75
MG,2017,17,13840.339999999997
MG,2017,18,16120.859999999999
MG,2017,19,21582.010000000002
MG,2017,2,1495.42
MG,2017,20,18695.840000000004
MG,2017,21,16952.3
MG,2017,22,16482.54
MG,2017,23,15187.790000000005
MG,2017,24,57017.42999999999
MG,2017,25,13305.190000000002
MG,2017,26,15847.599999999999
MG,2017,27,20268.160000000003
MG,2017,28,20772.58
MG,2017,29,17848.030000000002
MG,2017,3,6866.58
MG,2017,30,16602.18
MG,2017,31,22315.269999999997
MG,2017,32,19583.0
MG,2017,33,17976.81
MG,2017,34,17362.100000000002
MG,2017,35,20056.11
MG,2017,36,19633.400000000005
MG,2017,37,19389.97
MG,2017,38,22824.340000000004
MG,2017,39,18000.840000000004
MG,2017,4,9165.19
MG,2017,40,21715.77
MG,2017,41,26130.989999999994
MG,2017,42,26157.120000000003
MG,2017,43,17392.29
MG,2017,44,24930.659999999996
MG,2017,45,21532.040000000008
MG,2017,46,23427.339999999997
MG,2017,47,56304.76000000002
MG,2017,48,45212.549999999996
MG,2017,49,35102.97000000001
MG,2017,5,9636.590000000002
MG,2017,50,29359.559999999994
MG,2017,51,20204.140000000003
MG,2017,52,18191.94
MG,2017,6,8375.5
MG,2017,7,7115.84
MG,2017,8,10248.66
MG,2017,9,16311.530000000004
MG,2018,1,32398.200000000004
MG,2018,10,33883.28
MG,2018,11,31425.940000000002
MG,2018,12,36179.92000000001
MG,2018,13,26161.079999999994
MG,2018,14,41082.61000000001
MG,2018,15,38309.97
MG,2018,16,30174.13000000001
MG,2018,17,29116.640000000003
MG,2018,18,33542.94
MG,2018,19,42126.49999999999
MG,2018,2,37239.85
MG,2018,20,29767.91000000001
MG,2018,21,18912.760000000002
MG,2018,22,19958.190000000006
MG,2018,23,30466.53
MG,2018,24,32900.64000000001
MG,2018,25,23537.33
MG,2018,26,24919.38
MG,2018,27,22965.93
MG,2018,28,18516.580000000005
MG,2018,29,36890.92
MG,2018,3,27896.319999999996
MG,2018,30,38338.55
MG,2018,31,46415.03999999999
MG,2018,32,36295.96
MG,2018,33,32473.05000000001
MG,2018,34,18486.02
MG,2018,35,2398.8100000000004
MG,2018,4,33936.520000000004
MG,2018,5,26706.380000000005
MG,2018,6,35017.670000000006
MG,2018,7,30560.050000000003
MG,2018,8,31663.71000000001
MG,2018,9,39336.63
MS,2017,10,1620.6399999999999
MS,2017,11,630.22
MS,2017,12,484.53999999999996
MS,2017,13,1001.1099999999999
MS,2017,14,377.16999999999996
MS,2017,15,242.79000000000002
MS,2017,16,936.33
MS,2017,17,970.8399999999999
MS,2017,18,1012.14
MS,2017,19,266.56
MS,2017,20,3011.89
MS,2017,21,709.59
MS,2017,22,1664.92
MS,2017,23,977.74
MS,2017,24,250.68
MS,2017,25,882.76
MS,2017,26,542.71
MS,2017,27,2378.3900000000003
MS,2017,28,734.74
MS,2017,29,1591.21
MS,2017,30,538.05
MS,2017,31,2307.04
MS,2017,32,2024.9099999999999
MS,2017,33,2435.1099999999997
MS,2017,34,1941.5
MS,2017,35,698.8800000000001
MS,2017,36,2249.3700000000003
MS,2017,37,318.02
MS,2017,38,869.91
MS,2017,39,320.51
MS,2017,4,393.93
MS,2017,40,489.25
MS,2017,41,1729.6
MS,2017,42,701.3
MS,2017,43,5150.01
MS,2017,44,3285.62
MS,2017,45,1313.66
MS,2017,46,1627.0900000000001
MS,2017,47,2351.66
MS,2017,48,2216.27
MS,2017,49,1759.9
MS,2017,5,29.09
MS,2017,50,1756.41
MS,2017,51,2346.35
MS,2017,52,324.9
MS,2017,6,476.53999999999996
MS,2017,7,189.42000000000002
MS,2017,8,355.65999999999997
MS,2017,9,327.63
MS,2018,1,3645.93
MS,2018,10,4165.17
MS,2018,11,2568.59
MS,2018,12,1889.39
MS,2018,13,1031.36
MS,2018,14,1181.69
MS,2018,15,1777.61
MS,2018,16,1737.69
MS,2018,17,2131.7700000000004
MS,2018,18,1323.2800000000002
MS,2018,19,827.5799999999999
MS,2018,2,2916.5299999999997
MS,2018,20,3092.8799999999997
MS,2018,21,1164.1
MS,2018,22,855.7800000000001
MS,2018,23,1097.08
MS,2018,24,338.59000000000003
MS,2018,25,914.1599999999999
MS,2018,26,1162.62
MS,2018,27,840.99
MS,2018,28,1510.17
MS,2018,29,1671.1399999999999
MS,2018,3,2773.29
MS,2018,30,4957.130000000001
MS,2018,31,1853.6100000000001
MS,2018,32,1622.29
MS,2018,33,1188.7
MS,2018,34,872.66
MS,2018,35,116.94
MS,2018,4,7192.59
MS,2018,5,1657.94
MS,2018,6,2045.42
MS,2018,7,2454.45
MS,2018,8,492.16
MS,2018,9,4465.71
MT,2016,40,808.96
MT,2016,41,604.7399999999999
MT,2017,1,399.90999999999997
MT,2017,10,2203.89
MT,2017,11,2381.78
MT,2017,12,934.2099999999999
MT,2017,13,831.88
MT,2017,14,624.97
MT,2017,15,118.07
MT,2017,16,1804.62
MT,2017,17,1035.0300000000002
MT,2017,18,2612.2599999999998
MT,2017,19,715.44
MT,2017,2,110.26
MT,2017,20,615.49
MT,2017,21,414.48
MT,2017,22,404.27000000000004
MT,2017,23,1328.49
MT,2017,24,697.1
MT,2017,25,2806.6
MT,2017,26,1278.61
MT,2017,27,935.47
MT,2017,28,3277.04
MT,2017,29,7282.0199999999995
MT,2017,3,69.49
MT,2017,30,469.57000000000005
MT,2017,31,2782.9
MT,2017,32,2536.41
MT,2017,33,3317.83
MT,2017,34,1441.42
MT,2017,35,2228.4300000000003
MT,2017,36,4070.96
MT,2017,37,4811.14
MT,2017,38,2144.02
MT,2017,39,7790.84
MT,2017,4,232.83
MT,2017,40,1691.3600000000001
MT,2017,41,1116.44
MT,2017,42,1622.32
MT,2017,43,1031.01
MT,2017,44,1307.0
MT,2017,45,1003.38
MT,2017,46,2070.51
MT,2017,47,6099.09
MT,2017,48,3245.6099999999997
MT,2017,49,2635.51
MT,2017,5,465.95
MT,2017,50,4681.599999999999
MT,2017,51,852.4
MT,2017,52,768.21
MT,2017,6,746.35
MT,2017,8,599.3199999999999
MT,2017,9,877.75
MT,2018,1,3837.1
MT,2018,10,2171.7799999999997
MT,2018,11,2946.7200000000003
MT,2018,12,12080.970000000001
MT,2018,13,4270.21
MT,2018,14,1479.3600000000001
MT,2018,15,3757.9
MT,2018,16,3610.32
MT,2018,17,3052.2599999999998
MT,2018,18,2133.5
MT,2018,19,4770.95
MT,2018,2,3984.3299999999995
MT,2018,20,1846.91
MT,2018,21,506.25
MT,2018,22,2063.92
MT,2018,23,4172.589999999999
MT,2018,24,1841.0900000000004
MT,2018,25,1328.27
MT,2018,26,1791.28
MT,2018,27,1229.67
MT,2018,28,936.8500000000001
MT,2018,29,4274.66
MT,2018,3,2635.41
MT,2018,30,3575.16
MT,2018,31,2634.17
MT,2018,32,2160.93
MT,2018,33,3984.9500000000007
MT,2018,34,2361.2400000000002
MT,2018,4,2697.86
MT,2018,5,1331.24
MT,2018,6,3026.5199999999995
MT,2018,7,1453.4700000000003
MT,2018,8,5378.97
MT,2018,9,3879.75
PA,2016,40,327.72
PA,2017,10,5786.5599999999995
PA,2017,11,634.8
PA,2017,12,1013.33
PA,2017,13,1276.4399999999998
PA,2017,14,583.38
PA,2017,15,664.59
PA,2017,16,487.28999999999996
PA,2017,17,787.99
PA,2017,18,1533.25
PA,2017,19,2308.2099999999996
PA,2017,2,78.9
PA,2017,20,2282.84
PA,2017,21,1592.55
PA,2017,22,1431.5500000000002
PA,2017,23,2884.55
PA,2017,24,1543.59
PA,2017,25,709.41
PA,2017,26,2025.74
PA,2017,27,2206.4399999999996
PA,2017,28,508.14
PA,2017,29,3718.0699999999997
PA,2017,3,227.52
PA,2017,30,2120.7
PA,2017,31,3137.3700000000003
PA,2017,32,2653.92
PA,2017,33,1156.2700000000002
PA,2017,34,3441.08
PA,2017,35,3916.4900000000002
PA,2017,36,2046.62
PA,2017,37,1916.8300000000002
PA,2017,38,953.49
PA,2017,39,652.2900000000001
PA,2017,4,1622.89
PA,2017,40,2265.96
PA,2017,41,2743.6699999999996
PA,2017,42,1579.5
PA,2017,43,817.5699999999999
PA,2017,44,1835.49
PA,2017,45,7255.66
PA,2017,46,3850.99
PA,2017,47,9520.75
PA,2017,48,4012.44
PA,2017,49,2718.2799999999997
PA,2017,5,3426.0700000000006
PA,2017,50,2334.6000000000004
PA,2017,51,4646.01
PA,2017,52,1506.01
PA,2017,6,765.14
PA,2017,7,514.58
PA,2017,8,611.35
PA,2017,9,446.49
PA,2018,1,1960.29
PA,2018,10,4332.9400000000005
PA,2018,11,1960.3
PA,2018,12,6828.46
PA,2018,13,4052.79
PA,2018,14,1817.5700000000002
PA,2018,15,5375.5599999999995
PA,2018,16,4421.75
PA,2018,17,1685.6100000000001
PA,2018,18,3391.75
PA,2018,19,4177.9
PA,2018,2,2541.89
PA,2018,20,4356.73
PA,2018,21,1435.1399999999999
PA,2018,22,1838.74
PA,2018,23,1366.3300000000002
PA,2018,24,1955.55
PA,2018,25,5329.73
PA,2018,26,2821.86
PA,2018,27,3925.63
PA,2018,28,1918.8600000000004
PA,2018,29,1885.17
PA,2018,3,5473.88
PA,2018,30,3130.74
PA,2018,31,6907.029999999999
PA,2018,32,10968.79
PA,2018,33,4152.83
PA,2018,34,3469.83
PA,2018,35,238.48000000000002
PA,2018,4,1505.54
PA,2018,5,6227.32
PA,2018,6,2066.02
PA,2018,7,9398.35
PA,2018,8,2116.2400000000002
PA,2018,9,10134.699999999999
PB,2017,10,477.92999999999995
PB,2017,11,397.37
PB,2017,12,387.92
PB,2017,13,378.60999999999996
PB,2017,14,465.28000000000003
PB,2017,15,579.46
PB,2017,16,208.06
PB,2017,17,42.83
PB,2017,18,1654.5700000000002
PB,2017,19,1209.35
PB,2017,2,332.55
PB,2017,20,1171.16
PB,2017,21,1214.5
PB,2017,22,1488.5700000000002
PB,2017,23,1693.51
PB,2017,24,1258.23
PB,2017,25,1557.32
PB,2017,26,1523.67
PB,2017,27,1527.07
PB,2017,28,394.14
PB,2017,29,493.6
PB,2017,30,4280.22
PB,2017,31,956.9399999999999
PB,2017,32,1588.6799999999998
PB,2017,33,2232.83
PB,2017,34,1224.3899999999999
PB,2017,35,1205.56
PB,2017,36,4310.24
PB,2017,37,6166.33
PB,2017,38,3229.0199999999995
PB,2017,39,1807.47
PB,2017,4,418.99
PB,2017,40,1379.3899999999999
PB,2017,41,1008.14
PB,2017,42,1027.0300000000002
PB,2017,43,1384.5100000000002
PB,2017,44,7767.63
PB,2017,45,1546.4499999999998
PB,2017,46,2436.04
PB,2017,47,3841.5
PB,2017,48,924.0
PB,2017,49,1633.97
PB,2017,5,282.86
PB,2017,50,2661.2299999999996
PB,2017,51,881.81
PB,2017,52,319.61
PB,2017,6,193.39
PB,2017,7,113.86000000000001
PB,2017,8,614.61
PB,2017,9,206.4
PB,2018,1,1352.06
PB,2018,10,823.0799999999999
PB,2018,11,875.12
PB,2018,12,1952.6299999999999
PB,2018,13,2130.7799999999997
PB,2018,14,1333.54
PB,2018,15,678.4200000000001
PB,2018,16,1053.31
PB,2018,17,2347.2599999999998
PB,2018,18,336.84000000000003
PB,2018,19,3839.23
PB,2018,2,3261.36
PB,2018,20,1149.04
PB,2018,21,1051.8799999999999
PB,2018,22,524.41
PB,2018,23,1149.92
PB,2018,24,1842.85
PB,2018,25,8118.570000000001
PB,2018,26,2367.36
PB,2018,27,1220.06
PB,2018,28,832.5999999999999
PB,2018,29,2810.48
PB,2018,3,2290.34
PB,2018,30,1218.4900000000002
PB,2018,31,843.72
PB,2018,32,3890.05
PB,2018,33,1555.4599999999998
PB,2018,34,352.37
PB,2018,35,382.3
PB,2018,4,2782.3999999999996
PB,2018,5,2819.3599999999997
PB,2018,6,1603.65
PB,2018,7,1784.4399999999998
PB,2018,8,12759.979999999998
PB,2018,9,4081.42
PE,2016,40,1710.77
PE,2017,1,208.32
PE,2017,10,4649.75
PE,2017,11,1971.31
PE,2017,12,1730.7000000000003
PE,2017,13,1256.1399999999999
PE,2017,14,1279.35
PE,2017,15,2186.88
PE,2017,16,1820.1000000000001
PE,2017,17,1734.6799999999998
PE,2017,18,3325.9800000000005
PE,2017,19,1202.7600000000002
PE,2017,20,3233.74
PE,2017,21,2562.5699999999997
PE,2017,22,2984.3900000000003
PE,2017,23,1693.37
PE,2017,24,998.4300000000001
PE,2017,25,1280.76
PE,2017,26,1842.6
PE,2017,27,2820.79
PE,2017,28,3027.02
PE,2017,29,4842.04
PE,2017,3,669.75
PE,2017,30,1325.46
PE,2017,31,2543.96
PE,2017,32,4360.04
PE,2017,33,3831.6
PE,2017,34,1675.05
PE,2017,35,4102.25
PE,2017,36,1342.37
PE,2017,37,3685.5
PE,2017,38,2748.6499999999996
PE,2017,39,2240.2699999999995
PE,2017,4,995.55
PE,2017,40,1364.19
PE,2017,41,3577.5699999999997
PE,2017,42,3925.4299999999994
PE,2017,43,7158.4
PE,2017,44,2639.9
PE,2017,45,2560.62
PE,2017,46,2648.02
PE,2017,47,8990.74
PE,2017,48,9259.150000000001
PE,2017,49,4753.620000000001
PE,2017,5,1979.8399999999997
PE,2017,50,5652.08
PE,2017,51,5819.69
PE,2017,52,3534.03
PE,2017,6,4996.07
PE,2017,7,395.58
PE,2017,8,445.70000000000005
PE,2017,9,1808.75
PE,2018,1,5016.63
PE,2018,10,5136.21
PE,2018,11,2699.43
PE,2018,12,7061.220000000001
PE,2018,13,2786.51
PE,2018,14,7383.500000000001
PE,2018,15,4097.929999999999
PE,2018,16,6243.589999999999
PE,2018,17,5677.64
PE,2018,18,6039.6
PE,2018,19,4363.65
PE,2018,2,3918.46
PE,2018,20,4360.639999999999
PE,2018,21,3887.24
PE,2018,22,3256.08
PE,2018,23,3408.0699999999997
PE,2018,24,5357.95
PE,2018,25,5051.790000000001
PE,2018,26,4803.25
PE,2018,27,7410.42
PE,2018,28,3436.6600000000003
PE,2018,29,7645.71
PE,2018,3,5005.75
PE,2018,30,7716.93
PE,2018,31,3851.87
PE,2018,32,6098.79
PE,2018,33,4725.889999999999
PE,2018,34,2930.43
PE,2018,35,98.79
PE,2018,36,97.22999999999999
PE,2018,37,203.52
PE,2018,4,4655.73
PE,2018,5,2575.7000000000003
PE,2018,6,5713.139999999999
PE,2018,7,6126.8
PE,2018,8,9095.32
PE,2018,9,5112.290000000001
PI,2017,10,897.63
PI,2017,11,372.67
PI,2017,12,64.83
PI,2017,13,373.95
PI,2017,14,334.59000000000003
PI,2017,15,1033.81
PI,2017,16,481.42
PI,2017,17,756.4200000000001
PI,2017,18,249.05
PI,2017,19,400.93
PI,2017,20,1289.9899999999998
PI,2017,21,1436.2599999999998
PI,2017,22,755.6800000000001
PI,2017,23,1121.49
PI,2017,24,870.3299999999999
PI,2017,25,807.77
PI,2017,26,411.84
PI,2017,27,326.43
PI,2017,28,171.75
PI,2017,29,154.36
PI,2017,3,66.25
PI,2017,30,1911.86
PI,2017,31,261.15999999999997
PI,2017,32,224.69
PI,2017,33,1944.29
PI,2017,34,622.01
PI,2017,35,1101.79
PI,2017,36,229.73
PI,2017,37,5440.25
PI,2017,38,2252.47
PI,2017,39,1073.79
PI,2017,4,230.25
PI,2017,40,1450.9699999999998
PI,2017,41,813.77
PI,2017,42,2998.3799999999997
PI,2017,43,1365.5
PI,2017,44,386.6700000000001
PI,2017,45,3145.8
PI,2017,46,1365.92
PI,2017,47,2997.13
PI,2017,48,1012.2
PI,2017,49,425.23
PI,2017,5,781.1899999999999
PI,2017,50,686.78
PI,2017,51,1680.42
PI,2017,52,788.4000000000001
PI,2017,6,868.6500000000001
PI,2017,7,186.29000000000002
PI,2017,9,543.94
PI,2018,1,571.81
PI,2018,10,526.01
PI,2018,11,483.86
PI,2018,12,1521.6499999999999
PI,2018,13,1187.53
PI,2018,14,1312.88
PI,2018,15,1072.94
PI,2018,16,2760.2300000000005
PI,2018,17,1022.84
PI,2018,18,2140.35
PI,2018,19,1048.17
PI,2018,2,1355.6100000000001
PI,2018,20,507.88
PI,2018,21,4599.26
PI,2018,22,355.46000000000004
PI,2018,23,6199.360000000001
PI,2018,24,2372.2
PI,2018,25,2165.6
PI,2018,26,1141.95
PI,2018,27,1332.81
PI,2018,28,226.82
PI,2018,29,943.44
PI,2018,3,1078.5700000000002
PI,2018,30,2096.34
PI,2018,31,1025.72
PI,2018,32,2530.8100000000004
PI,2018,33,2223.58
PI,2018,34,1744.4800000000002
PI,2018,35,801.19
PI,2018,4,1209.46
PI,2018,5,970.8299999999999
PI,2018,6,2212.86
PI,2018,7,2167.75
PI,2018,8,383.43000000000006
PI,2018,9,506.20000000000005
PR,2016,35,439.88
PR,2016,40,1317.65
PR,2017,1,616.57
PR,2017,10,5672.81
PR,2017,11,4473.93
PR,2017,12,6677.02
PR,2017,13,5565.67
PR,2017,14,4922.59
PR,2017,15,1628.01
PR,2017,16,4022.7199999999993
PR,2017,17,6027.65
PR,2017,18,4363.200000000001
PR,2017,19,10780.3
PR,2017,2,1342.72
PR,2017,20,8707.010000000002
PR,2017,21,7895.26
PR,2017,22,10864.16
PR,2017,23,17776.690000000002
PR,2017,24,6509.670000000001
PR,2017,25,4107.25
PR,2017,26,3668.5699999999997
PR,2017,27,4930.24
PR,2017,28,9329.33
PR,2017,29,6048.85
PR,2017,3,1317.7
PR,2017,30,7309.219999999999
PR,2017,31,12335.900000000001
PR,2017,32,6297.240000000002
PR,2017,33,6081.039999999999
PR,2017,34,9610.550000000001
PR,2017,35,13141.03
PR,2017,36,6311.01
PR,2017,37,7934.2699999999995
PR,2017,38,7688.760000000001
PR,2017,39,8362.48
PR,2017,4,3619.3700000000003
PR,2017,40,10227.080000000002
PR,2017,41,12114.15
PR,2017,42,7699.74
PR,2017,43,6537.48
PR,2017,44,7225.34
PR,2017,45,9057.560000000001
PR,2017,46,13767.820000000002
PR,2017,47,18235.95
PR,2017,48,14138.350000000002
PR,2017,49,13269.91
PR,2017,5,4228.34
PR,2017,50,12994.529999999999
PR,2017,51,6472.630000000001
PR,2017,52,7440.43
PR,2017,6,5113.0599999999995
PR,2017,7,3169.9100000000003
PR,2017,8,2378.5
PR,2017,9,2690.84
PR,2018,1,9214.7
PR,2018,10,17057.79
PR,2018,11,8435.38
PR,2018,12,12158.890000000001
PR,2018,13,11555.440000000002
PR,2018,14,14116.119999999999
PR,2018,15,13155.07
PR,2018,16,20458.369999999995
PR,2018,17,18476.760000000002
PR,2018,18,17091.09
PR,2018,19,36992.380000000005
PR,2018,2,20288.31
PR,2018,20,19816.079999999998
PR,2018,21,11307.599999999999
PR,2018,22,7544.19
PR,2018,23,9376.78
PR,2018,24,10647.240000000002
PR,2018,25,13492.070000000002
PR,2018,26,11941.65
PR,2018,27,10151.960000000001
PR,2018,28,6597.85
PR,2018,29,18359.75
PR,2018,3,20587.820000000003
PR,2018,30,9233.32
PR,2018,31,22480.87
PR,2018,32,18449.699999999997
PR,2018,33,19442.840000000004
PR,2018,34,11905.33
PR,2018,35,964.35
PR,2018,38,236.95000000000002
PR,2018,4,13859.68
PR,2018,5,13883.190000000002
PR,2018,6,11763.97
PR,2018,7,12156.279999999999
PR,2018,8,16251.59
PR,2018,9,12867.430000000002
RJ,2016,40,8020.870000000001
RJ,2016,41,703.9000000000001
RJ,2017,1,1199.52
RJ,2017,10,10932.41
RJ,2017,11,15420.92
RJ,2017,12,15427.52
RJ,2017,13,13920.830000000002
RJ,2017,14,13924.839999999998
RJ,2017,15,9006.869999999999
RJ,2017,16,15732.66
RJ,2017,17,16224.75
RJ,2017,18,16974.79
RJ,2017,19,14021.41
RJ,2017,2,1343.1100000000001
RJ,2017,20,17851.27
RJ,2017,21,15199.95
RJ,2017,22,19034.87
RJ,2017,23,18318.510000000002
RJ,2017,24,17890.28
RJ,2017,25,11932.600000000002
RJ,2017,26,13857.51
RJ,2017,27,19801.53
RJ,2017,28,29282.78
RJ,2017,29,21965.260000000002
RJ,2017,3,5142.74
RJ,2017,30,19887.589999999997
RJ,2017,31,20280.920000000002
RJ,2017,32,18616.59
RJ,2017,33,23605.72
RJ,2017,34,29554.789999999997
RJ,2017,35,17427.22
RJ,2017,36,21320.130000000005
RJ,2017,37,24009.099999999995
RJ,2017,38,20408.78
RJ,2017,39,25592.280000000002
RJ,2017,4,5300.929999999999
RJ,2017,40,24216.460000000006
RJ,2017,41,34258.280000000006
RJ,2017,42,24150.479999999996
RJ,2017,43,26380.650000000005
RJ,2017,44,19986.24
RJ,2017,45,30815.83
RJ,2017,46,45249.11
RJ,2017,47,71271.26999999997
RJ,2017,48,49992.95999999999
RJ,2017,49,48271.56
RJ,2017,5,10598.759999999998
RJ,2017,50,46150.66
RJ,2017,51,26889.500000000004
RJ,2017,52,16808.129999999997
RJ,2017,6,11889.059999999998
RJ,2017,7,10745.859999999999
RJ,2017,8,7492.370000000001
RJ,2017,9,8184.76
RJ,2018,1,29841.43
RJ,2018,10,37086.079999999994
RJ,2018,11,49173.90000000001
RJ,2018,12,44858.62999999999
RJ,2018,13,36168.88999999999
RJ,2018,14,35291.33
RJ,2018,15,33933.09999999999
RJ,2018,16,42558.020000000004
RJ,2018,17,40136.58
RJ,2018,18,32599.219999999998
RJ,2018,19,40877.01000000001
RJ,2018,2,39505.90000000001
RJ,2018,20,51606.1
RJ,2018,21,20948.399999999998
RJ,2018,22,25499.58
RJ,2018,23,33495.47
RJ,2018,24,37361.850000000006
RJ,2018,25,34278.59
RJ,2018,26,35288.40999999999
RJ,2018,27,33083.20000000001
RJ,2018,28,22478.65
RJ,2018,29,33161.909999999996
RJ,2018,3,52852.100000000006
RJ,2018,30,39241.15000000001
RJ,2018,31,47343.14
RJ,2018,32,58853.18000000001
RJ,2018,33,43259.51000000001
RJ,2018,34,28976.840000000007
RJ,2018,35,3280.6600000000003
RJ,2018,36,466.27
RJ,2018,37,127.43
RJ,2018,38,87.64
RJ,2018,4,36536.32000000001
RJ,2018,42,24.23
RJ,2018,5,34445.44
RJ,2018,6,39242.59999999999
RJ,2018,7,40701.80999999999
RJ,2018,8,48822.49999999999
RJ,2018,9,42954.700000000004
RN,2016,40,377.19
RN,2017,10,42.269999999999996
RN,2017,11,1784.41
RN,2017,12,570.14
RN,2017,13,1290.29
RN,2017,14,997.6100000000001
RN,2017,15,444.87
RN,2017,16,384.92
RN,2017,17,2230.43
RN,2017,18,341.37
RN,2017,19,664.56
RN,2017,20,1234.37
RN,2017,21,81.01
RN,2017,22,923.05
RN,2017,23,887.71
RN,2017,24,520.4
RN,2017,25,4578.880000000001
RN,2017,26,478.96000000000004
RN,2017,27,1339.0099999999998
RN,2017,28,1344.45
RN,2017,29,664.03
RN,2017,3,208.98000000000002
RN,2017,30,299.90999999999997
RN,2017,31,1864.7299999999998
RN,2017,32,533.5
RN,2017,33,1178.68
RN,2017,34,1587.71
RN,2017,35,839.95
RN,2017,37,649.6800000000001
RN,2017,38,624.04
RN,2017,39,858.31
RN,2017,4,660.68
RN,2017,40,1114.19
RN,2017,41,1618.42
RN,2017,42,741.4899999999999
RN,2017,43,248.57000000000002
RN,2017,44,2111.56
RN,2017,45,2799.1500000000005
RN,2017,46,1979.5
RN,2017,47,1908.1400000000003
RN,2017,48,2343.84
RN,2017,49,2246.49
RN,2017,5,276.28
RN,2017,50,896.9200000000001
RN,2017,51,490.75
RN,2017,52,738.5699999999999
RN,2017,6,1104.42
RN,2017,7,550.65
RN,2017,9,761.41
RN,2018,1,1034.76
RN,2018,10,1393.93
RN,2018,11,449.40999999999997
RN,2018,12,1090.0500000000002
RN,2018,13,1474.9699999999998
RN,2018,14,1112.74
RN,2018,15,3606.78
RN,2018,16,2098.8900000000003
RN,2018,17,1134.33
RN,2018,18,908.49
RN,2018,19,1705.16
RN,2018,2,1346.85
RN,2018,20,1995.7000000000003
RN,2018,21,526.78
RN,2018,22,278.24
RN,2018,23,1038.01
RN,2018,24,659.69
RN,2018,25,704.41
RN,2018,26,3941.42
RN,2018,27,741.27
RN,2018,28,3001.67
RN,2018,29,1442.46
RN,2018,3,1617.05
RN,2018,30,2324.02
RN,2018,31,1934.89
RN,2018,32,1729.19
RN,2018,33,1956.0500000000002
RN,2018,34,1503.5900000000001
RN,2018,4,1385.7599999999998
RN,2018,5,4576.54
RN,2018,6,908.4199999999998
RN,2018,7,1801.67
RN,2018,8,996.37
RN,2018,9,1074.04
RO,2016,41,88.14
RO,2017,10,211.0
RO,2017,11,38.15
RO,2017,12,1076.4900000000002
RO,2017,13,95.53
RO,2017,14,701.51
RO,2017,15,1864.93
RO,2017,16,543.14
RO,2017,18,59.28
RO,2017,19,178.22000000000003
RO,2017,20,686.2
RO,2017,21,90.69
RO,2017,22,315.28
RO,2017,23,315.02
RO,2017,24,541.66
RO,2017,26,55.57
RO,2017,27,337.59000000000003
RO,2017,28,659.4699999999999
RO,2017,29,544.46
RO,2017,30,207.69
RO,2017,31,980.37
RO,2017,32,249.53
RO,2017,33,1085.7
RO,2017,35,166.55
RO,2017,36,764.36
RO,2017,37,80.84
RO,2017,38,631.44
RO,2017,39,834.9499999999998
RO,2017,4,283.86
RO,2017,40,1368.75
RO,2017,41,2698.09
RO,2017,42,2436.7299999999996
RO,2017,43,1512.88
RO,2017,44,132.94
RO,2017,45,1731.05
RO,2017,46,1123.52
RO,2017,47,3327.42
RO,2017,48,537.28
RO,2017,49,1549.7
RO,2017,50,480.76
RO,2017,51,1324.28
RO,2017,52,1254.44
RO,2017,6,526.5899999999999
RO,2017,7,137.23000000000002
RO,2018,1,1185.95
RO,2018,10,900.27
RO,2018,11,1753.86
RO,2018,12,701.8199999999999
RO,2018,13,1674.6399999999999
RO,2018,14,739.0799999999999
RO,2018,15,542.7299999999999
RO,2018,16,417.84000000000003
RO,2018,17,1096.6100000000001
RO,2018,18,425.97
RO,2018,19,279.61
RO,2018,2,1552.9099999999999
RO,2018,20,428.74
RO,2018,21,602.96
RO,2018,22,1026.69
RO,2018,23,596.58
RO,2018,24,650.3299999999999
RO,2018,25,1239.05
RO,2018,26,1039.18
RO,2018,27,3302.9199999999996
RO,2018,28,235.98999999999998
RO,2018,29,1226.87
RO,2018,3,399.55000000000007
RO,2018,30,1148.91
RO,2018,31,391.19000000000005
RO,2018,32,794.87
RO,2018,33,9186.46
RO,2018,34,869.01
RO,2018,4,1853.4399999999998
RO,2018,5,234.9
RO,2018,6,705.94
RO,2018,7,495.63
RO,2018,8,26965.14
RO,2018,9,1328.19
RR,2017,12,61.41
RR,2017,16,460.39
RR,2017,19,242.27
RR,2017,21,237.32
RR,2017,22,280.28999999999996
RR,2017,26,162.76
RR,2017,30,58.959999999999994
RR,2017,41,117.47
RR,2017,43,133.3
RR,2017,45,112.42999999999999
RR,2017,47,55.87
RR,2017,6,94.51
RR,2018,10,58.97
RR,2018,11,47.92
RR,2018,2,219.17
RR,2018,20,893.54
RR,2018,22,340.68
RR,2018,24,127.30000000000001
RR,2018,25,899.25
RR,2018,26,284.3
RR,2018,28,305.42999999999995
RR,2018,30,793.8199999999999
RR,2018,31,1637.1200000000001
RR,2018,32,743.51
RR,2018,33,58.959999999999994
RR,2018,34,71.66
RR,2018,4,499.73
RR,2018,6,139.70000000000002
RR,2018,7,52.87
RR,2018,8,83.17
RS,2016,40,4371.51
RS,2016,41,76.08
RS,2017,1,209.41
RS,2017,10,4777.57
RS,2017,11,6081.200000000001
RS,2017,12,6873.41
RS,2017,13,5551.49
RS,2017,14,5650.63
RS,2017,15,6364.47
RS,2017,16,4119.929999999999
RS,2017,17,5913.88
RS,2017,18,5457.07
RS,2017,19,9104.599999999999
RS,2017,2,531.85
RS,2017,20,7469.270000000001
RS,2017,21,6129.32
RS,2017,22,5215.57
RS,2017,23,9250.669999999998
RS,2017,24,4906.539999999999
RS,2017,25,7996.18
RS,2017,26,19933.110000000004
RS,2017,27,28683.539999999997
RS,2017,28,7339.63
RS,2017,29,10780.779999999999
RS,2017,3,1921.66
RS,2017,30,10444.93
RS,2017,31,11798.449999999999
RS,2017,32,8424.010000000002
RS,2017,33,13679.359999999999
RS,2017,34,9110.800000000001
RS,2017,35,10767.5
RS,2017,36,7748.389999999999
RS,2017,37,8342.68
RS,2017,38,8236.190000000002
RS,2017,39,15142.389999999998
RS,2017,4,1415.2000000000003
RS,2017,40,8814.88
RS,2017,41,9778.57
RS,2017,42,11257.93
RS,2017,43,8437.039999999999
RS,2017,44,8923.300000000001
RS,2017,45,11874.189999999999
RS,2017,46,11375.320000000002
RS,2017,47,31147.64
RS,2017,48,22683.329999999998
RS,2017,49,24410.42
RS,2017,5,4133.63
RS,2017,50,22279.57
RS,2017,51,9454.439999999999
RS,2017,52,11126.24
RS,2017,6,6652.67
RS,2017,7,3944.29
RS,2017,8,1950.5100000000002
RS,2017,9,5761.009999999999
RS,2018,1,16314.590000000002
RS,2018,10,14221.4
RS,2018,11,15829.230000000001
RS,2018,12,18541.95
RS,2018,13,12461.49
RS,2018,14,15526.05
RS,2018,15,23647.25
RS,2018,16,16978.239999999998
RS,2018,17,16972.04
RS,2018,18,14336.29
RS,2018,19,18254.980000000003
RS,2018,2,18931.940000000002
RS,2018,20,15106.73
RS,2018,21,11028.089999999998
RS,2018,22,17935.73
RS,2018,23,12173.650000000001
RS,2018,24,15661.9
RS,2018,25,12155.420000000002
RS,2018,26,11936.109999999999
RS,2018,27,13573.500000000002
RS,2018,28,7349.360000000001
RS,2018,29,14827.440000000002
RS,2018,3,15659.730000000001
RS,2018,30,14767.189999999999
RS,2018,31,21741.940000000002
RS,2018,32,23700.37
RS,2018,33,23423.939999999995
RS,2018,34,8839.270000000002
RS,2018,35,1448.4599999999998
RS,2018,36,74.78
RS,2018,4,14437.530000000002
RS,2018,5,15045.649999999998
RS,2018,6,18354.050000000003
RS,2018,7,15152.220000000001
RS,2018,8,20197.17
RS,2018,9,16647.26
SC,2016,40,918.79
SC,2016,41,62.11
SC,2017,1,323.93
SC,2017,10,3214.4400000000005
SC,2017,11,1828.59
SC,2017,12,2996.96
SC,2017,13,3470.88
SC,2017,14,6959.099999999999
SC,2017,15,3100.36
SC,2017,16,3579.33
SC,2017,17,4594.25
SC,2017,18,2104.17
SC,2017,19,4436.29
SC,2017,2,2035.04
SC,2017,20,7841.17
SC,2017,21,4258.68
SC,2017,22,6122.029999999999
SC,2017,23,3992.5099999999998
SC,2017,24,3148.72
SC,2017,25,6526.76
SC,2017,26,6009.38
SC,2017,27,3254.92
SC,2017,28,6608.35
SC,2017,29,4798.290000000001
SC,2017,3,819.53
SC,2017,30,5277.43
SC,2017,31,3834.29
SC,2017,32,3032.35
SC,2017,33,7285.31
SC,2017,34,6222.130000000001
SC,2017,35,7026.900000000001
SC,2017,36,4410.5599999999995
SC,2017,37,7201.6
SC,2017,38,3744.3899999999994
SC,2017,39,3838.05
SC,2017,4,1703.7599999999998
SC,2017,40,7424.620000000001
SC,2017,41,7017.300000000001
SC,2017,42,7306.22
SC,2017,43,6634.13
SC,2017,44,7880.460000000001
SC,2017,45,7392.25
SC,2017,46,14844.419999999998
SC,2017,47,27646.270000000004
SC,2017,48,14833.119999999999
SC,2017,49,10315.45
SC,2017,5,2471.34
SC,2017,50,7341.549999999999
SC,2017,51,8795.16
SC,2017,52,5116.040000000001
SC,2017,6,2863.21
SC,2017,7,1023.35
SC,2017,8,1539.51
SC,2017,9,3007.99
SC,2018,1,5262.990000000001
SC,2018,10,12449.69
SC,2018,11,13636.91
SC,2018,12,13144.220000000001
SC,2018,13,10986.18
SC,2018,14,13065.77
SC,2018,15,11135.3
SC,2018,16,10590.8
SC,2018,17,7957.049999999999
SC,2018,18,11819.97
SC,2018,19,11290.2
SC,2018,2,12955.190000000002
SC,2018,20,13641.119999999999
SC,2018,21,6192.67
SC,2018,22,5860.21
SC,2018,23,13987.04
SC,2018,24,11146.47
SC,2018,25,9219.82
SC,2018,26,14038.46
SC,2018,27,8946.550000000001
SC,2018,28,5080.26
SC,2018,29,12241.929999999997
SC,2018,3,13552.16
SC,2018,30,11863.810000000001
SC,2018,31,11427.819999999998
SC,2018,32,13216.25
SC,2018,33,8735.970000000001
SC,2018,34,6571.85
SC,2018,35,209.07
SC,2018,39,42.0
SC,2018,4,13346.12
SC,2018,40,66.64
SC,2018,5,16506.28
SC,2018,6,12107.41
SC,2018,7,12976.800000000003
SC,2018,8,8927.86
SC,2018,9,9505.57
SE,2016,40,305.77
SE,2017,10,227.83999999999997
SE,2017,11,1067.3500000000001
SE,2017,12,233.41000000000003
SE,2017,13,1209.23
SE,2017,14,237.81
SE,2017,15,97.87
SE,2017,16,1682.16
SE,2017,17,637.4799999999999
SE,2017,18,90.79
SE,2017,19,500.67999999999995
SE,2017,20,896.8899999999999
SE,2017,21,558.4499999999999
SE,2017,22,2006.13
SE,2017,23,297.18
SE,2017,24,306.98
SE,2017,25,436.42999999999995
SE,2017,26,588.0799999999999
SE,2017,27,207.84
SE,2017,28,259.64
SE,2017,29,248.84
SE,2017,3,191.68
SE,2017,30,141.03
SE,2017,31,605.6800000000001
SE,2017,32,165.69
SE,2017,33,134.77
SE,2017,34,1159.71
SE,2017,35,502.79999999999995
SE,2017,36,412.39
SE,2017,37,1600.88
SE,2017,38,361.11
SE,2017,39,2549.49
SE,2017,4,99.80000000000001
SE,2017,40,222.42000000000002
SE,2017,41,1925.6
SE,2017,42,70.7
SE,2017,43,672.12
SE,2017,44,2922.91
SE,2017,45,1246.03
SE,2017,46,389.68000000000006
SE,2017,47,1282.0800000000004
SE,2017,48,1397.69
SE,2017,49,754.59
SE,2017,5,125.24
SE,2017,50,566.55
SE,2017,51,116.99
SE,2017,52,166.04
SE,2017,6,2227.68
SE,2017,8,122.04
SE,2017,9,119.2
SE,2018,1,79.82
SE,2018,10,667.86
SE,2018,12,937.3000000000001
SE,2018,13,1139.5900000000001
SE,2018,14,595.48
SE,2018,15,2267.41
SE,2018,16,1048.18
SE,2018,17,12972.550000000001
SE,2018,18,543.59
SE,2018,19,1672.07
SE,2018,2,837.33
SE,2018,20,257.59000000000003
SE,2018,21,764.2
SE,2018,22,492.90999999999997
SE,2018,23,990.96
SE,2018,24,788.78
SE,2018,25,297.49
SE,2018,26,731.95
SE,2018,27,2232.41
SE,2018,28,850.15
SE,2018,29,653.79
SE,2018,3,757.4199999999998
SE,2018,30,1426.65
SE,2018,31,3745.0600000000004
SE,2018,32,1726.7999999999997
SE,2018,33,1197.49
SE,2018,34,766.44
SE,2018,4,2496.33
SE,2018,5,907.1800000000001
SE,2018,6,550.9200000000001
SE,2018,7,271.81
SE,2018,8,2719.15
SE,2018,9,940.35
SP,2016,40,15336.68
SP,2016,41,2563.69
SP,2016,51,126.66
SP,2017,1,1830.8199999999997
SP,2017,10,41385.970000000016
SP,2017,11,36908.77999999999
SP,2017,12,43442.87000000001
SP,2017,13,32283.5
SP,2017,14,36988.63
SP,2017,15,27030.87000000001
SP,2017,16,34531.600000000006
SP,2017,17,40361.490000000005
SP,2017,18,51416.3
SP,2017,19,49919.04000000001
SP,2017,2,3920.25
SP,2017,20,61472.48000000001
SP,2017,21,47173.42
SP,2017,22,44642.26000000001
SP,2017,23,68788.90000000001
SP,2017,24,54343.219999999994
SP,2017,25,56533.060000000005
SP,2017,26,51140.03
SP,2017,27,54533.26999999999
SP,2017,28,68209.89
SP,2017,29,59718.61999999999
SP,2017,3,13482.310000000001
SP,2017,30,62063.76999999999
SP,2017,31,66408.98000000001
SP,2017,32,55937.789999999986
SP,2017,33,57709.25
SP,2017,34,54348.24000000002
SP,2017,35,56561.84000000001
SP,2017,36,64521.72
SP,2017,37,78764.23000000001
SP,2017,38,68832.36999999998
SP,2017,39,70972.84
SP,2017,4,23344.99000000001
SP,2017,40,60147.68
SP,2017,41,63766.94000000001
SP,2017,42,89166.17000000001
SP,2017,43,91201.09999999999
SP,2017,44,66331.07
SP,2017,45,70693.49
SP,2017,46,74065.94
SP,2017,47,195433.42999999993
SP,2017,48,130852.34999999992
SP,2017,49,97870.89999999997
SP,2017,5,41034.76
SP,2017,50,85242.91
SP,2017,51,64032.86999999999
SP,2017,52,54218.19000000001
SP,2017,6,33953.5
SP,2017,7,30007.519999999997
SP,2017,8,28787.270000000004
SP,2017,9,33637.03
SP,2018,1,89578.81000000001
SP,2018,10,115734.82999999999
SP,2018,11,119424.71999999997
SP,2018,12,111447.94999999997
SP,2018,13,90785.81999999998
SP,2018,14,108933.99999999991
SP,2018,15,99569.08999999997
SP,2018,16,116484.13999999998
SP,2018,17,105997.86
SP,2018,18,119165.42999999993
SP,2018,19,122201.45999999999
SP,2018,2,100161.86999999998
SP,2018,20,122735.96999999997
SP,2018,21,58182.32
SP,2018,22,61592.350000000006
SP,2018,23,110565.18999999997
SP,2018,24,86956.02000000002
SP,2018,25,104978.78999999998
SP,2018,26,98536.96
SP,2018,27,78423.34000000001
SP,2018,28,58710.51999999999
SP,2018,29,111136.39000000001
SP,2018,3,121167.08999999997
SP,2018,30,116470.98999999999
SP,2018,31,128158.23999999995
SP,2018,32,142731.27999999997
SP,2018,33,110493.86999999994
SP,2018,34,65800.29
SP,2018,35,8157.67
SP,2018,36,349.2900000000001
SP,2018,37,107.03999999999999
SP,2018,39,290.08000000000004
SP,2018,4,102942.08000000002
SP,2018,40,36.78
SP,2018,42,70.92999999999999
SP,2018,5,103092.21
SP,2018,6,94599.72
SP,2018,7,97528.59999999995
SP,2018,8,115478.90999999996
SP,2018,9,132219.76999999996
TO,2017,1,143.89999999999998
TO,2017,10,864.69
TO,2017,11,686.8299999999999
TO,2017,12,308.6
TO,2017,13,750.77
TO,2017,15,662.62
TO,2017,17,302.39
TO,2017,18,174.4
TO,2017,2,166.04
TO,2017,20,1705.88
TO,2017,21,1024.1200000000001
TO,2017,22,813.7800000000001
TO,2017,24,647.23
TO,2017,25,1513.54
TO,2017,26,258.24
TO,2017,27,143.91
TO,2017,28,500.46000000000004
TO,2017,29,1042.81
TO,2017,3,82.67
TO,2017,30,271.38
TO,2017,31,1346.65
TO,2017,32,81.8
TO,2017,33,445.73
TO,2017,34,965.28
TO,2017,35,578.74
TO,2017,36,604.36
TO,2017,37,1389.38
TO,2017,39,52.78
TO,2017,40,1087.9399999999998
TO,2017,42,903.01
TO,2017,44,498.26
TO,2017,45,454.28
TO,2017,46,497.11999999999995
TO,2017,47,1909.11
TO,2017,48,353.18
TO,2017,49,785.31
TO,2017,50,733.94
TO,2017,51,172.98000000000002
TO,2017,52,165.08999999999997
TO,2017,6,480.84000000000003
TO,2017,7,371.42999999999995
TO,2017,8,135.70999999999998
TO,2017,9,414.43
TO,2018,1,1210.19
TO,2018,10,300.32
TO,2018,11,584.31
TO,2018,12,1429.02
TO,2018,13,749.8199999999999
TO,2018,14,1210.14
TO,2018,15,363.96
TO,2018,16,925.97
TO,2018,17,1114.54
TO,2018,18,1130.46
TO,2018,19,1467.3999999999999
TO,2018,2,588.23
TO,2018,20,712.52
TO,2018,22,366.84000000000003
TO,2018,23,580.5899999999999
TO,2018,24,271.12
TO,2018,25,3868.85
TO,2018,26,1413.5499999999997
TO,2018,27,238.42000000000002
TO,2018,28,429.25
TO,2018,29,2137.23
TO,2018,3,615.8299999999999
TO,2018,30,1662.3200000000002
TO,2018,31,2317.45
TO,2018,32,1127.1399999999999
TO,2018,33,720.88
TO,2018,34,804.1400000000001
TO,2018,4,207.70000000000002
TO,2018,5,614.86
TO,2018,6,433.63000000000005
TO,2018,7,292.12
TO,2018,8,793.03
TO,2018,9,1560.67
