customer_state,order_purchase_year,order_purchase_week,Total_orders
AC,2017,12,2
AC,2017,13,2
AC,2017,19,1
AC,2017,20,1
AC,2017,21,1
AC,2017,22,4
AC,2017,23,2
AC,2017,26,2
AC,2017,31,1
AC,2017,32,1
AC,2017,33,3
AC,2017,34,1
AC,2017,35,2
AC,2017,37,1
AC,2017,40,1
AC,2017,41,1
AC,2017,42,1
AC,2017,43,2
AC,2017,44,1
AC,2017,45,1
AC,2017,46,2
AC,2017,47,5
AC,2017,48,1
AC,2017,50,2
AC,2017,52,3
AC,2018,1,2
AC,2018,10,1
AC,2018,11,3
AC,2018,12,2
AC,2018,14,1
AC,2018,16,1
AC,2018,17,5
AC,2018,18,2
AC,2018,19,1
AC,2018,2,1
AC,2018,20,1
AC,2018,24,2
AC,2018,27,1
AC,2018,29,2
AC,2018,3,1
AC,2018,31,1
AC,2018,32,2
AC,2018,33,1
AC,2018,34,1
AC,2018,4,2
AC,2018,5,2
AC,2018,7,2
AC,2018,8,2
AC,2018,9,1
AL,2016,40,2
AL,2016,41,1
AL,2017,10,4
AL,2017,11,2
AL,2017,12,1
AL,2017,13,2
AL,2017,14,1
AL,2017,16,3
AL,2017,17,2
AL,2017,18,4
AL,2017,19,5
AL,2017,20,9
AL,2017,21,4
AL,2017,22,4
AL,2017,23,3
AL,2017,24,3
AL,2017,25,2
AL,2017,26,4
AL,2017,27,4
AL,2017,28,5
AL,2017,29,2
AL,2017,30,3
AL,2017,31,1
AL,2017,32,2
AL,2017,33,7
AL,2017,34,2
AL,2017,35,6
AL,2017,36,8
AL,2017,37,9
AL,2017,38,5
AL,2017,39,5
AL,2017,4,2
AL,2017,40,3
AL,2017,41,7
AL,2017,42,6
AL,2017,43,4
AL,2017,44,4
AL,2017,45,6
AL,2017,46,6
AL,2017,47,14
AL,2017,48,12
AL,2017,49,7
AL,2017,5,3
AL,2017,50,4
AL,2017,51,3
AL,2017,52,5
AL,2017,6,2
AL,2017,7,7
AL,2017,8,2
AL,2017,9,1
AL,2018,1,8
AL,2018,10,5
AL,2018,11,7
AL,2018,12,9
AL,2018,13,11
AL,2018,14,4
AL,2018,15,4
AL,2018,16,10
AL,2018,17,9
AL,2018,18,6
AL,2018,19,4
AL,2018,2,12
AL,2018,20,8
AL,2018,21,1
AL,2018,22,1
AL,2018,23,3
AL,2018,24,6
AL,2018,25,7
AL,2018,26,6
AL,2018,27,1
AL,2018,28,5
AL,2018,29,12
AL,2018,3,9
AL,2018,30,4
AL,2018,31,11
AL,2018,32,6
AL,2018,33,6
AL,2018,34,5
AL,2018,35,1
AL,2018,4,8
AL,2018,5,6
AL,2018,6,7
AL,2018,7,8
AL,2018,8,6
AL,2018,9,5
AM,2017,10,2
AM,2017,18,2
AM,2017,19,1
AM,2017,2,1
AM,2017,20,2
AM,2017,21,1
AM,2017,22,1
AM,2017,23,3
AM,2017,25,1
AM,2017,26,1
AM,2017,29,1
AM,2017,30,2
AM,2017,31,3
AM,2017,32,4
AM,2017,33,1
AM,2017,34,1
AM,2017,35,1
AM,2017,36,1
AM,2017,37,2
AM,2017,39,1
AM,2017,4,1
AM,2017,40,1
AM,2017,41,2
AM,2017,43,2
AM,2017,44,1
AM,2017,45,2
AM,2017,46,1
AM,2017,47,7
AM,2017,48,3
AM,2017,49,5
AM,2017,50,1
AM,2017,51,1
AM,2017,9,3
AM,2018,1,3
AM,2018,10,2
AM,2018,11,3
AM,2018,12,4
AM,2018,14,1
AM,2018,15,3
AM,2018,16,5
AM,2018,17,2
AM,2018,18,1
AM,2018,19,3
AM,2018,2,4
AM,2018,20,4
AM,2018,21,3
AM,2018,23,2
AM,2018,24,3
AM,2018,25,4
AM,2018,26,2
AM,2018,27,4
AM,2018,29,5
AM,2018,3,1
AM,2018,30,2
AM,2018,31,5
AM,2018,32,4
AM,2018,33,2
AM,2018,34,2
AM,2018,4,2
AM,2018,5,4
AM,2018,6,1
AM,2018,7,5
AM,2018,8,3
AM,2018,9,3
AP,2017,15,1
AP,2017,16,1
AP,2017,21,2
AP,2017,22,1
AP,2017,23,4
AP,2017,26,1
AP,2017,30,1
AP,2017,32,1
AP,2017,34,2
AP,2017,35,2
AP,2017,36,1
AP,2017,38,1
AP,2017,39,2
AP,2017,40,1
AP,2017,42,2
AP,2017,45,1
AP,2017,47,3
AP,2017,48,3
AP,2017,5,1
AP,2017,51,1
AP,2017,52,1
AP,2017,6,1
AP,2017,7,1
AP,2018,10,3
AP,2018,11,1
AP,2018,14,4
AP,2018,15,2
AP,2018,16,1
AP,2018,19,1
AP,2018,2,3
AP,2018,22,2
AP,2018,23,4
AP,2018,24,1
AP,2018,28,1
AP,2018,29,2
AP,2018,31,1
AP,2018,32,1
AP,2018,33,2
AP,2018,34,2
AP,2018,4,1
AP,2018,7,1
AP,2018,8,1
AP,2018,9,1
BA,2016,37,1
BA,2016,40,13
BA,2016,41,2
BA,2017,1,2
BA,2017,10,16
BA,2017,11,12
BA,2017,12,25
BA,2017,13,23
BA,2017,14,16
BA,2017,15,19
BA,2017,16,17
BA,2017,17,25
BA,2017,18,32
BA,2017,19,29
BA,2017,2,4
BA,2017,20,41
BA,2017,21,24
BA,2017,22,36
BA,2017,23,27
BA,2017,24,29
BA,2017,25,26
BA,2017,26,27
BA,2017,27,26
BA,2017,28,36
BA,2017,29,25
BA,2017,3,11
BA,2017,30,36
BA,2017,31,34
BA,2017,32,39
BA,2017,33,39
BA,2017,34,21
BA,2017,35,42
BA,2017,36,29
BA,2017,37,31
BA,2017,38,36
BA,2017,39,29
BA,2017,4,14
BA,2017,40,27
BA,2017,41,34
BA,2017,42,45
BA,2017,43,30
BA,2017,44,37
BA,2017,45,57
BA,2017,46,46
BA,2017,47,108
BA,2017,48,70
BA,2017,49,69
BA,2017,5,13
BA,2017,50,49
BA,2017,51,32
BA,2017,52,41
BA,2017,6,14
BA,2017,7,11
BA,2017,8,15
BA,2017,9,18
BA,2018,1,50
BA,2018,10,50
BA,2018,11,54
BA,2018,12,60
BA,2018,13,61
BA,2018,14,56
BA,2018,15,37
BA,2018,16,49
BA,2018,17,59
BA,2018,18,59
BA,2018,19,74
BA,2018,2,66
BA,2018,20,65
BA,2018,21,30
BA,2018,22,45
BA,2018,23,51
BA,2018,24,48
BA,2018,25,45
BA,2018,26,42
BA,2018,27,38
BA,2018,28,43
BA,2018,29,46
BA,2018,3,62
BA,2018,30,69
BA,2018,31,72
BA,2018,32,73
BA,2018,33,51
BA,2018,34,44
BA,2018,35,2
BA,2018,4,55
BA,2018,5,68
BA,2018,6,68
BA,2018,7,54
BA,2018,8,62
BA,2018,9,65
CE,2016,37,1
CE,2016,40,4
CE,2017,1,1
CE,2017,10,5
CE,2017,11,5
CE,2017,12,10
CE,2017,13,8
CE,2017,14,5
CE,2017,15,8
CE,2017,16,4
CE,2017,17,10
CE,2017,18,12
CE,2017,19,21
CE,2017,2,2
CE,2017,20,16
CE,2017,21,12
CE,2017,22,9
CE,2017,23,13
CE,2017,24,13
CE,2017,25,6
CE,2017,26,11
CE,2017,27,10
CE,2017,28,13
CE,2017,29,12
CE,2017,3,4
CE,2017,30,14
CE,2017,31,13
CE,2017,32,22
CE,2017,33,17
CE,2017,34,14
CE,2017,35,10
CE,2017,36,12
CE,2017,37,15
CE,2017,38,8
CE,2017,39,19
CE,2017,4,6
CE,2017,40,17
CE,2017,41,21
CE,2017,42,16
CE,2017,43,11
CE,2017,44,4
CE,2017,45,13
CE,2017,46,21
CE,2017,47,34
CE,2017,48,29
CE,2017,49,22
CE,2017,5,9
CE,2017,50,13
CE,2017,51,16
CE,2017,52,15
CE,2017,6,10
CE,2017,7,6
CE,2017,8,6
CE,2017,9,8
CE,2018,1,18
CE,2018,10,23
CE,2018,11,25
CE,2018,12,19
CE,2018,13,18
CE,2018,14,29
CE,2018,15,13
CE,2018,16,21
CE,2018,17,23
CE,2018,18,20
CE,2018,19,30
CE,2018,2,30
CE,2018,20,31
CE,2018,21,9
CE,2018,22,10
CE,2018,23,18
CE,2018,24,20
CE,2018,25,18
CE,2018,26,20
CE,2018,27,14
CE,2018,28,15
CE,2018,29,21
CE,2018,3,23
CE,2018,30,16
CE,2018,31,29
CE,2018,32,20
CE,2018,33,19
CE,2018,34,15
CE,2018,35,4
CE,2018,4,19
CE,2018,5,18
CE,2018,6,23
CE,2018,7,21
CE,2018,8,22
CE,2018,9,29
DF,2016,40,8
DF,2017,1,1
DF,2017,10,6
DF,2017,11,14
DF,2017,12,15
DF,2017,13,12
DF,2017,14,10
DF,2017,15,10
DF,2017,16,11
DF,2017,17,9
DF,2017,18,19
DF,2017,19,18
DF,2017,2,4
DF,2017,20,23
DF,2017,21,12
DF,2017,22,18
DF,2017,23,24
DF,2017,24,17
DF,2017,25,18
DF,2017,26,17
DF,2017,27,20
DF,2017,28,17
DF,2017,29,16
DF,2017,3,5
DF,2017,30,18
DF,2017,31,19
DF,2017,32,31
DF,2017,33,19
DF,2017,34,24
DF,2017,35,24
DF,2017,36,16
DF,2017,37,23
DF,2017,38,19
DF,2017,39,25
DF,2017,4,7
DF,2017,40,21
DF,2017,41,16
DF,2017,42,23
DF,2017,43,21
DF,2017,44,14
DF,2017,45,21
DF,2017,46,26
DF,2017,47,56
DF,2017,48,48
DF,2017,49,25
DF,2017,5,14
DF,2017,50,35
DF,2017,51,19
DF,2017,52,13
DF,2017,6,14
DF,2017,7,5
DF,2017,8,4
DF,2017,9,10
DF,2018,1,22
DF,2018,10,33
DF,2018,11,28
DF,2018,12,46
DF,2018,13,31
DF,2018,14,45
DF,2018,15,40
DF,2018,16,39
DF,2018,17,43
DF,2018,18,37
DF,2018,19,45
DF,2018,2,33
DF,2018,20,40
DF,2018,21,28
DF,2018,22,20
DF,2018,23,31
DF,2018,24,32
DF,2018,25,27
DF,2018,26,29
DF,2018,27,24
DF,2018,28,24
DF,2018,29,37
DF,2018,3,35
DF,2018,30,18
DF,2018,31,34
DF,2018,32,44
DF,2018,33,42
DF,2018,34,25
DF,2018,35,3
DF,2018,4,31
DF,2018,5,33
DF,2018,6,34
DF,2018,7,32
DF,2018,8,33
DF,2018,9,32
ES,2016,40,6
ES,2016,41,2
ES,2017,1,1
ES,2017,10,9
ES,2017,11,14
ES,2017,12,10
ES,2017,13,10
ES,2017,14,8
ES,2017,15,11
ES,2017,16,7
ES,2017,17,7
ES,2017,18,18
ES,2017,19,15
ES,2017,2,2
ES,2017,20,22
ES,2017,21,11
ES,2017,22,14
ES,2017,23,13
ES,2017,24,13
ES,2017,25,8
ES,2017,26,14
ES,2017,27,16
ES,2017,28,20
ES,2017,29,31
ES,2017,3,4
ES,2017,30,7
ES,2017,31,18
ES,2017,32,18
ES,2017,33,25
ES,2017,34,21
ES,2017,35,17
ES,2017,36,24
ES,2017,37,13
ES,2017,38,15
ES,2017,39,27
ES,2017,4,3
ES,2017,40,23
ES,2017,41,20
ES,2017,42,24
ES,2017,43,19
ES,2017,44,25
ES,2017,45,13
ES,2017,46,31
ES,2017,47,64
ES,2017,48,48
ES,2017,49,38
ES,2017,5,15
ES,2017,50,20
ES,2017,51,18
ES,2017,52,24
ES,2017,6,11
ES,2017,7,14
ES,2017,8,8
ES,2017,9,10
ES,2018,1,26
ES,2018,10,43
ES,2018,11,38
ES,2018,12,38
ES,2018,13,32
ES,2018,14,38
ES,2018,15,42
ES,2018,16,33
ES,2018,17,37
ES,2018,18,35
ES,2018,19,30
ES,2018,2,40
ES,2018,20,42
ES,2018,21,19
ES,2018,22,14
ES,2018,23,27
ES,2018,24,34
ES,2018,25,32
ES,2018,26,21
ES,2018,27,25
ES,2018,28,16
ES,2018,29,43
ES,2018,3,44
ES,2018,30,29
ES,2018,31,42
ES,2018,32,35
ES,2018,33,49
ES,2018,34,33
ES,2018,35,6
ES,2018,4,46
ES,2018,5,30
ES,2018,6,34
ES,2018,7,25
ES,2018,8,46
ES,2018,9,39
GO,2016,40,6
GO,2016,41,1
GO,2017,10,12
GO,2017,11,19
GO,2017,12,12
GO,2017,13,11
GO,2017,14,11
GO,2017,15,9
GO,2017,16,9
GO,2017,17,15
GO,2017,18,27
GO,2017,19,15
GO,2017,2,1
GO,2017,20,23
GO,2017,21,19
GO,2017,22,20
GO,2017,23,11
GO,2017,24,14
GO,2017,25,6
GO,2017,26,12
GO,2017,27,15
GO,2017,28,28
GO,2017,29,16
GO,2017,3,3
GO,2017,30,13
GO,2017,31,18
GO,2017,32,18
GO,2017,33,23
GO,2017,34,16
GO,2017,35,24
GO,2017,36,15
GO,2017,37,17
GO,2017,38,23
GO,2017,39,20
GO,2017,4,5
GO,2017,40,13
GO,2017,41,19
GO,2017,42,23
GO,2017,43,18
GO,2017,44,17
GO,2017,45,25
GO,2017,46,16
GO,2017,47,66
GO,2017,48,46
GO,2017,49,27
GO,2017,5,6
GO,2017,50,21
GO,2017,51,19
GO,2017,52,26
GO,2017,6,8
GO,2017,7,14
GO,2017,8,7
GO,2017,9,10
GO,2018,1,29
GO,2018,10,36
GO,2018,11,32
GO,2018,12,31
GO,2018,13,28
GO,2018,14,35
GO,2018,15,35
GO,2018,16,29
GO,2018,17,31
GO,2018,18,27
GO,2018,19,44
GO,2018,2,40
GO,2018,20,41
GO,2018,21,15
GO,2018,22,24
GO,2018,23,24
GO,2018,24,22
GO,2018,25,30
GO,2018,26,28
GO,2018,27,22
GO,2018,28,19
GO,2018,29,32
GO,2018,3,26
GO,2018,30,33
GO,2018,31,56
GO,2018,32,42
GO,2018,33,38
GO,2018,34,31
GO,2018,35,3
GO,2018,4,45
GO,2018,5,29
GO,2018,6,27
GO,2018,7,33
GO,2018,8,39
GO,2018,9,42
MA,2016,40,2
MA,2016,42,1
MA,2017,10,3
MA,2017,11,5
MA,2017,12,5
MA,2017,13,2
MA,2017,14,6
MA,2017,15,5
MA,2017,16,4
MA,2017,17,3
MA,2017,18,1
MA,2017,19,3
MA,2017,20,4
MA,2017,21,5
MA,2017,22,6
MA,2017,23,7
MA,2017,24,4
MA,2017,25,4
MA,2017,26,6
MA,2017,27,12
MA,2017,28,7
MA,2017,29,6
MA,2017,30,6
MA,2017,31,6
MA,2017,32,8
MA,2017,33,12
MA,2017,34,4
MA,2017,35,17
MA,2017,36,13
MA,2017,37,12
MA,2017,38,6
MA,2017,39,9
MA,2017,4,5
MA,2017,40,6
MA,2017,41,8
MA,2017,42,12
MA,2017,43,8
MA,2017,44,10
MA,2017,45,12
MA,2017,46,12
MA,2017,47,16
MA,2017,48,15
MA,2017,49,16
MA,2017,5,4
MA,2017,50,14
MA,2017,51,4
MA,2017,52,6
MA,2017,6,7
MA,2017,7,6
MA,2017,8,3
MA,2017,9,4
MA,2018,1,13
MA,2018,10,16
MA,2018,11,9
MA,2018,12,14
MA,2018,13,9
MA,2018,14,13
MA,2018,15,13
MA,2018,16,12
MA,2018,17,7
MA,2018,18,16
MA,2018,19,11
MA,2018,2,11
MA,2018,20,15
MA,2018,21,4
MA,2018,22,9
MA,2018,23,12
MA,2018,24,11
MA,2018,25,12
MA,2018,26,11
MA,2018,27,5
MA,2018,28,7
MA,2018,29,18
MA,2018,3,12
MA,2018,30,16
MA,2018,31,17
MA,2018,32,12
MA,2018,33,14
MA,2018,34,5
MA,2018,4,13
MA,2018,5,13
MA,2018,6,10
MA,2018,7,20
MA,2018,8,14
MA,2018,9,20
MG,2016,36,1
MG,2016,39,1
MG,2016,40,41
MG,2016,41,4
MG,2017,1,6
MG,2017,10,79
MG,2017,11,77
MG,2017,12,86
MG,2017,13,63
MG,2017,14,69
MG,2017,15,51
MG,2017,16,65
MG,2017,17,84
MG,2017,18,91
MG,2017,19,83
MG,2017,2,11
MG,2017,20,112
MG,2017,21,101
MG,2017,22,102
MG,2017,23,104
MG,2017,24,97
MG,2017,25,83
MG,2017,26,84
MG,2017,27,118
MG,2017,28,97
MG,2017,29,123
MG,2017,3,27
MG,2017,30,112
MG,2017,31,110
MG,2017,32,119
MG,2017,33,114
MG,2017,34,110
MG,2017,35,138
MG,2017,36,107
MG,2017,37,137
MG,2017,38,106
MG,2017,39,103
MG,2017,4,43
MG,2017,40,138
MG,2017,41,129
MG,2017,42,134
MG,2017,43,108
MG,2017,44,118
MG,2017,45,145
MG,2017,46,157
MG,2017,47,350
MG,2017,48,255
MG,2017,49,221
MG,2017,5,61
MG,2017,50,190
MG,2017,51,111
MG,2017,52,111
MG,2017,6,70
MG,2017,7,49
MG,2017,8,58
MG,2017,9,70
MG,2018,1,164
MG,2018,10,185
MG,2018,11,195
MG,2018,12,204
MG,2018,13,168
MG,2018,14,205
MG,2018,15,193
MG,2018,16,169
MG,2018,17,176
MG,2018,18,217
MG,2018,19,261
MG,2018,2,213
MG,2018,20,216
MG,2018,21,123
MG,2018,22,121
MG,2018,23,191
MG,2018,24,192
MG,2018,25,166
MG,2018,26,166
MG,2018,27,130
MG,2018,28,119
MG,2018,29,207
MG,2018,3,204
MG,2018,30,200
MG,2018,31,276
MG,2018,32,220
MG,2018,33,228
MG,2018,34,125
MG,2018,35,15
MG,2018,4,186
MG,2018,5,193
MG,2018,6,184
MG,2018,7,184
MG,2018,8,205
MG,2018,9,241
MS,2017,10,8
MS,2017,11,5
MS,2017,12,5
MS,2017,13,6
MS,2017,14,5
MS,2017,15,2
MS,2017,16,7
MS,2017,17,7
MS,2017,18,4
MS,2017,19,3
MS,2017,20,12
MS,2017,21,7
MS,2017,22,11
MS,2017,23,5
MS,2017,24,2
MS,2017,25,6
MS,2017,26,6
MS,2017,27,5
MS,2017,28,3
MS,2017,29,8
MS,2017,30,4
MS,2017,31,7
MS,2017,32,7
MS,2017,33,9
MS,2017,34,11
MS,2017,35,4
MS,2017,36,10
MS,2017,37,3
MS,2017,38,5
MS,2017,39,2
MS,2017,4,1
MS,2017,40,5
MS,2017,41,7
MS,2017,42,7
MS,2017,43,5
MS,2017,44,10
MS,2017,45,10
MS,2017,46,6
MS,2017,47,19
MS,2017,48,15
MS,2017,49,13
MS,2017,5,1
MS,2017,50,12
MS,2017,51,10
MS,2017,52,3
MS,2017,6,3
MS,2017,7,1
MS,2017,8,2
MS,2017,9,4
MS,2018,1,20
MS,2018,10,20
MS,2018,11,11
MS,2018,12,21
MS,2018,13,7
MS,2018,14,6
MS,2018,15,13
MS,2018,16,7
MS,2018,17,12
MS,2018,18,12
MS,2018,19,8
MS,2018,2,20
MS,2018,20,12
MS,2018,21,8
MS,2018,22,5
MS,2018,23,10
MS,2018,24,5
MS,2018,25,8
MS,2018,26,12
MS,2018,27,7
MS,2018,28,12
MS,2018,29,15
MS,2018,3,13
MS,2018,30,21
MS,2018,31,16
MS,2018,32,12
MS,2018,33,9
MS,2018,34,6
MS,2018,35,1
MS,2018,4,13
MS,2018,5,10
MS,2018,6,7
MS,2018,7,11
MS,2018,8,7
MS,2018,9,19
MT,2016,40,4
MT,2016,41,2
MT,2017,1,3
MT,2017,10,6
MT,2017,11,5
MT,2017,12,8
MT,2017,13,3
MT,2017,14,6
MT,2017,15,1
MT,2017,16,7
MT,2017,17,6
MT,2017,18,11
MT,2017,19,4
MT,2017,2,1
MT,2017,20,3
MT,2017,21,4
MT,2017,22,4
MT,2017,23,10
MT,2017,24,3
MT,2017,25,10
MT,2017,26,7
MT,2017,27,5
MT,2017,28,14
MT,2017,29,9
MT,2017,3,1
MT,2017,30,7
MT,2017,31,8
MT,2017,32,17
MT,2017,33,20
MT,2017,34,9
MT,2017,35,7
MT,2017,36,13
MT,2017,37,10
MT,2017,38,13
MT,2017,39,16
MT,2017,4,1
MT,2017,40,11
MT,2017,41,8
MT,2017,42,13
MT,2017,43,6
MT,2017,44,10
MT,2017,45,12
MT,2017,46,13
MT,2017,47,32
MT,2017,48,20
MT,2017,49,19
MT,2017,5,5
MT,2017,50,14
MT,2017,51,7
MT,2017,52,5
MT,2017,6,2
MT,2017,8,5
MT,2017,9,4
MT,2018,1,17
MT,2018,10,14
MT,2018,11,21
MT,2018,12,18
MT,2018,13,17
MT,2018,14,11
MT,2018,15,13
MT,2018,16,19
MT,2018,17,14
MT,2018,18,16
MT,2018,19,19
MT,2018,2,14
MT,2018,20,14
MT,2018,21,4
MT,2018,22,9
MT,2018,23,14
MT,2018,24,13
MT,2018,25,10
MT,2018,26,10
MT,2018,27,10
MT,2018,28,6
MT,2018,29,20
MT,2018,3,17
MT,2018,30,17
MT,2018,31,19
MT,2018,32,15
MT,2018,33,18
MT,2018,34,11
MT,2018,4,15
MT,2018,5,11
MT,2018,6,11
MT,2018,7,8
MT,2018,8,18
MT,2018,9,19
PA,2016,40,1
PA,2017,10,7
PA,2017,11,2
PA,2017,12,5
PA,2017,13,7
PA,2017,14,5
PA,2017,15,7
PA,2017,16,4
PA,2017,17,5
PA,2017,18,7
PA,2017,19,12
PA,2017,2,1
PA,2017,20,8
PA,2017,21,11
PA,2017,22,5
PA,2017,23,9
PA,2017,24,7
PA,2017,25,6
PA,2017,26,9
PA,2017,27,8
PA,2017,28,4
PA,2017,29,17
PA,2017,3,2
PA,2017,30,9
PA,2017,31,10
PA,2017,32,16
PA,2017,33,6
PA,2017,34,8
PA,2017,35,10
PA,2017,36,7
PA,2017,37,13
PA,2017,38,9
PA,2017,39,4
PA,2017,4,6
PA,2017,40,12
PA,2017,41,14
PA,2017,42,9
PA,2017,43,6
PA,2017,44,11
PA,2017,45,20
PA,2017,46,13
PA,2017,47,38
PA,2017,48,23
PA,2017,49,16
PA,2017,5,9
PA,2017,50,12
PA,2017,51,11
PA,2017,52,8
PA,2017,6,3
PA,2017,7,4
PA,2017,8,2
PA,2017,9,5
PA,2018,1,13
PA,2018,10,21
PA,2018,11,9
PA,2018,12,24
PA,2018,13,18
PA,2018,14,9
PA,2018,15,20
PA,2018,16,26
PA,2018,17,13
PA,2018,18,20
PA,2018,19,28
PA,2018,2,17
PA,2018,20,15
PA,2018,21,8
PA,2018,22,12
PA,2018,23,12
PA,2018,24,11
PA,2018,25,16
PA,2018,26,11
PA,2018,27,13
PA,2018,28,8
PA,2018,29,12
PA,2018,3,18
PA,2018,30,16
PA,2018,31,27
PA,2018,32,23
PA,2018,33,21
PA,2018,34,19
PA,2018,35,2
PA,2018,4,8
PA,2018,5,19
PA,2018,6,17
PA,2018,7,23
PA,2018,8,16
PA,2018,9,18
PB,2017,10,3
PB,2017,11,2
PB,2017,12,3
PB,2017,13,1
PB,2017,14,2
PB,2017,15,2
PB,2017,16,2
PB,2017,17,1
PB,2017,18,4
PB,2017,19,4
PB,2017,2,1
PB,2017,20,10
PB,2017,21,4
PB,2017,22,4
PB,2017,23,6
PB,2017,24,7
PB,2017,25,1
PB,2017,26,8
PB,2017,27,5
PB,2017,28,2
PB,2017,29,3
PB,2017,30,7
PB,2017,31,8
PB,2017,32,5
PB,2017,33,10
PB,2017,34,3
PB,2017,35,8
PB,2017,36,7
PB,2017,37,9
PB,2017,38,8
PB,2017,39,9
PB,2017,4,3
PB,2017,40,6
PB,2017,41,5
PB,2017,42,7
PB,2017,43,6
PB,2017,44,11
PB,2017,45,7
PB,2017,46,10
PB,2017,47,20
PB,2017,48,8
PB,2017,49,9
PB,2017,5,2
PB,2017,50,9
PB,2017,51,5
PB,2017,52,3
PB,2017,6,2
PB,2017,7,1
PB,2017,8,4
PB,2017,9,2
PB,2018,1,7
PB,2018,10,2
PB,2018,11,6
PB,2018,12,10
PB,2018,13,11
PB,2018,14,12
PB,2018,15,4
PB,2018,16,6
PB,2018,17,9
PB,2018,18,2
PB,2018,19,10
PB,2018,2,16
PB,2018,20,11
PB,2018,21,4
PB,2018,22,4
PB,2018,23,9
PB,2018,24,10
PB,2018,25,17
PB,2018,26,10
PB,2018,27,5
PB,2018,28,5
PB,2018,29,9
PB,2018,3,11
PB,2018,30,6
PB,2018,31,5
PB,2018,32,15
PB,2018,33,7
PB,2018,34,3
PB,2018,35,1
PB,2018,4,11
PB,2018,5,12
PB,2018,6,6
PB,2018,7,9
PB,2018,8,6
PB,2018,9,11
PE,2016,40,8
PE,2017,1,1
PE,2017,10,12
PE,2017,11,15
PE,2017,12,13
PE,2017,13,7
PE,2017,14,8
PE,2017,15,12
PE,2017,16,11
PE,2017,17,12
PE,2017,18,12
PE,2017,19,9
PE,2017,20,16
PE,2017,21,19
PE,2017,22,11
PE,2017,23,16
PE,2017,24,9
PE,2017,25,7
PE,2017,26,12
PE,2017,27,13
PE,2017,28,15
PE,2017,29,21
PE,2017,3,4
PE,2017,30,13
PE,2017,31,16
PE,2017,32,16
PE,2017,33,19
PE,2017,34,11
PE,2017,35,20
PE,2017,36,10
PE,2017,37,20
PE,2017,38,18
PE,2017,39,16
PE,2017,4,5
PE,2017,40,11
PE,2017,41,18
PE,2017,42,16
PE,2017,43,20
PE,2017,44,12
PE,2017,45,17
PE,2017,46,20
PE,2017,47,44
PE,2017,48,32
PE,2017,49,21
PE,2017,5,6
PE,2017,50,24
PE,2017,51,20
PE,2017,52,19
PE,2017,6,9
PE,2017,7,1
PE,2017,8,5
PE,2017,9,12
PE,2018,1,27
PE,2018,10,28
PE,2018,11,23
PE,2018,12,29
PE,2018,13,17
PE,2018,14,16
PE,2018,15,19
PE,2018,16,28
PE,2018,17,34
PE,2018,18,42
PE,2018,19,29
PE,2018,2,21
PE,2018,20,36
PE,2018,21,16
PE,2018,22,23
PE,2018,23,21
PE,2018,24,29
PE,2018,25,23
PE,2018,26,20
PE,2018,27,24
PE,2018,28,20
PE,2018,29,29
PE,2018,3,28
PE,2018,30,31
PE,2018,31,28
PE,2018,32,38
PE,2018,33,28
PE,2018,34,18
PE,2018,35,1
PE,2018,36,1
PE,2018,37,1
PE,2018,4,20
PE,2018,5,21
PE,2018,6,27
PE,2018,7,23
PE,2018,8,31
PE,2018,9,28
PI,2017,10,6
PI,2017,11,4
PI,2017,12,1
PI,2017,13,4
PI,2017,14,3
PI,2017,15,4
PI,2017,16,2
PI,2017,17,4
PI,2017,18,2
PI,2017,19,3
PI,2017,20,7
PI,2017,21,7
PI,2017,22,2
PI,2017,23,7
PI,2017,24,3
PI,2017,25,4
PI,2017,26,4
PI,2017,27,1
PI,2017,28,1
PI,2017,29,2
PI,2017,3,1
PI,2017,30,7
PI,2017,31,2
PI,2017,32,1
PI,2017,33,8
PI,2017,34,3
PI,2017,35,6
PI,2017,36,2
PI,2017,37,7
PI,2017,38,8
PI,2017,39,6
PI,2017,4,2
PI,2017,40,7
PI,2017,41,5
PI,2017,42,7
PI,2017,43,7
PI,2017,44,3
PI,2017,45,4
PI,2017,46,4
PI,2017,47,15
PI,2017,48,5
PI,2017,49,4
PI,2017,5,3
PI,2017,50,4
PI,2017,51,3
PI,2017,52,4
PI,2017,6,3
PI,2017,7,1
PI,2017,9,4
PI,2018,1,4
PI,2018,10,4
PI,2018,11,4
PI,2018,12,5
PI,2018,13,7
PI,2018,14,6
PI,2018,15,6
PI,2018,16,9
PI,2018,17,7
PI,2018,18,9
PI,2018,19,7
PI,2018,2,6
PI,2018,20,4
PI,2018,21,9
PI,2018,22,2
PI,2018,23,9
PI,2018,24,11
PI,2018,25,6
PI,2018,26,9
PI,2018,27,6
PI,2018,28,2
PI,2018,29,8
PI,2018,3,8
PI,2018,30,8
PI,2018,31,5
PI,2018,32,13
PI,2018,33,14
PI,2018,34,6
PI,2018,35,2
PI,2018,4,10
PI,2018,5,9
PI,2018,6,8
PI,2018,7,9
PI,2018,8,4
PI,2018,9,6
PR,2016,35,1
PR,2016,40,8
PR,2017,1,4
PR,2017,10,27
PR,2017,11,30
PR,2017,12,35
PR,2017,13,35
PR,2017,14,35
PR,2017,15,14
PR,2017,16,22
PR,2017,17,29
PR,2017,18,38
PR,2017,19,45
PR,2017,2,7
PR,2017,20,43
PR,2017,21,30
PR,2017,22,43
PR,2017,23,51
PR,2017,24,39
PR,2017,25,34
PR,2017,26,29
PR,2017,27,41
PR,2017,28,62
PR,2017,29,43
PR,2017,3,8
PR,2017,30,54
PR,2017,31,57
PR,2017,32,46
PR,2017,33,54
PR,2017,34,54
PR,2017,35,54
PR,2017,36,40
PR,2017,37,60
PR,2017,38,51
PR,2017,39,53
PR,2017,4,19
PR,2017,40,52
PR,2017,41,59
PR,2017,42,52
PR,2017,43,45
PR,2017,44,48
PR,2017,45,68
PR,2017,46,74
PR,2017,47,130
PR,2017,48,86
PR,2017,49,95
PR,2017,5,25
PR,2017,50,67
PR,2017,51,45
PR,2017,52,52
PR,2017,6,32
PR,2017,7,20
PR,2017,8,23
PR,2017,9,17
PR,2018,1,74
PR,2018,10,88
PR,2018,11,74
PR,2018,12,77
PR,2018,13,65
PR,2018,14,79
PR,2018,15,74
PR,2018,16,74
PR,2018,17,93
PR,2018,18,90
PR,2018,19,106
PR,2018,2,99
PR,2018,20,95
PR,2018,21,51
PR,2018,22,54
PR,2018,23,52
PR,2018,24,78
PR,2018,25,70
PR,2018,26,72
PR,2018,27,70
PR,2018,28,48
PR,2018,29,91
PR,2018,3,93
PR,2018,30,74
PR,2018,31,112
PR,2018,32,90
PR,2018,33,118
PR,2018,34,54
PR,2018,35,6
PR,2018,38,1
PR,2018,4,73
PR,2018,5,80
PR,2018,6,77
PR,2018,7,91
PR,2018,8,96
PR,2018,9,82
RJ,2016,40,42
RJ,2016,41,5
RJ,2017,1,11
RJ,2017,10,70
RJ,2017,11,91
RJ,2017,12,90
RJ,2017,13,76
RJ,2017,14,75
RJ,2017,15,52
RJ,2017,16,93
RJ,2017,17,101
RJ,2017,18,106
RJ,2017,19,103
RJ,2017,2,9
RJ,2017,20,115
RJ,2017,21,100
RJ,2017,22,105
RJ,2017,23,115
RJ,2017,24,110
RJ,2017,25,85
RJ,2017,26,94
RJ,2017,27,120
RJ,2017,28,141
RJ,2017,29,134
RJ,2017,3,24
RJ,2017,30,128
RJ,2017,31,128
RJ,2017,32,102
RJ,2017,33,127
RJ,2017,34,128
RJ,2017,35,122
RJ,2017,36,131
RJ,2017,37,148
RJ,2017,38,138
RJ,2017,39,138
RJ,2017,4,43
RJ,2017,40,132
RJ,2017,41,140
RJ,2017,42,154
RJ,2017,43,143
RJ,2017,44,124
RJ,2017,45,162
RJ,2017,46,186
RJ,2017,47,412
RJ,2017,48,288
RJ,2017,49,238
RJ,2017,5,56
RJ,2017,50,207
RJ,2017,51,154
RJ,2017,52,121
RJ,2017,6,65
RJ,2017,7,63
RJ,2017,8,57
RJ,2017,9,56
RJ,2018,1,184
RJ,2018,10,241
RJ,2018,11,239
RJ,2018,12,241
RJ,2018,13,217
RJ,2018,14,225
RJ,2018,15,191
RJ,2018,16,225
RJ,2018,17,196
RJ,2018,18,236
RJ,2018,19,245
RJ,2018,2,232
RJ,2018,20,257
RJ,2018,21,147
RJ,2018,22,161
RJ,2018,23,189
RJ,2018,24,214
RJ,2018,25,191
RJ,2018,26,210
RJ,2018,27,167
RJ,2018,28,141
RJ,2018,29,181
RJ,2018,3,249
RJ,2018,30,223
RJ,2018,31,262
RJ,2018,32,281
RJ,2018,33,254
RJ,2018,34,136
RJ,2018,35,18
RJ,2018,36,1
RJ,2018,37,1
RJ,2018,38,1
RJ,2018,4,222
RJ,2018,42,1
RJ,2018,5,205
RJ,2018,6,203
RJ,2018,7,248
RJ,2018,8,248
RJ,2018,9,265
RN,2016,40,2
RN,2017,10,1
RN,2017,11,3
RN,2017,12,2
RN,2017,13,5
RN,2017,14,3
RN,2017,15,3
RN,2017,16,3
RN,2017,17,8
RN,2017,18,2
RN,2017,19,3
RN,2017,20,5
RN,2017,21,1
RN,2017,22,7
RN,2017,23,3
RN,2017,24,5
RN,2017,25,4
RN,2017,26,1
RN,2017,27,7
RN,2017,28,6
RN,2017,29,2
RN,2017,3,2
RN,2017,30,3
RN,2017,31,11
RN,2017,32,3
RN,2017,33,7
RN,2017,34,4
RN,2017,35,6
RN,2017,37,3
RN,2017,38,5
RN,2017,39,6
RN,2017,4,4
RN,2017,40,5
RN,2017,41,9
RN,2017,42,4
RN,2017,43,2
RN,2017,44,7
RN,2017,45,5
RN,2017,46,9
RN,2017,47,15
RN,2017,48,14
RN,2017,49,10
RN,2017,5,3
RN,2017,50,6
RN,2017,51,4
RN,2017,52,1
RN,2017,6,4
RN,2017,7,3
RN,2017,9,6
RN,2018,1,6
RN,2018,10,7
RN,2018,11,6
RN,2018,12,6
RN,2018,13,7
RN,2018,14,9
RN,2018,15,8
RN,2018,16,12
RN,2018,17,6
RN,2018,18,11
RN,2018,19,11
RN,2018,2,7
RN,2018,20,12
RN,2018,21,3
RN,2018,22,2
RN,2018,23,7
RN,2018,24,8
RN,2018,25,6
RN,2018,26,7
RN,2018,27,6
RN,2018,28,9
RN,2018,29,8
RN,2018,3,11
RN,2018,30,10
RN,2018,31,12
RN,2018,32,10
RN,2018,33,8
RN,2018,34,3
RN,2018,4,9
RN,2018,5,14
RN,2018,6,7
RN,2018,7,13
RN,2018,8,7
RN,2018,9,6
RO,2016,41,1
RO,2017,10,2
RO,2017,11,1
RO,2017,12,5
RO,2017,13,1
RO,2017,14,2
RO,2017,15,3
RO,2017,16,2
RO,2017,18,1
RO,2017,19,2
RO,2017,20,5
RO,2017,21,1
RO,2017,22,2
RO,2017,23,2
RO,2017,24,4
RO,2017,26,1
RO,2017,27,2
RO,2017,28,2
RO,2017,29,5
RO,2017,30,2
RO,2017,31,3
RO,2017,32,3
RO,2017,33,3
RO,2017,35,2
RO,2017,36,2
RO,2017,37,1
RO,2017,38,3
RO,2017,39,5
RO,2017,4,2
RO,2017,40,6
RO,2017,41,9
RO,2017,42,6
RO,2017,43,7
RO,2017,44,1
RO,2017,45,4
RO,2017,46,6
RO,2017,47,10
RO,2017,48,5
RO,2017,49,9
RO,2017,50,1
RO,2017,51,4
RO,2017,52,4
RO,2017,6,3
RO,2017,7,1
RO,2018,1,6
RO,2018,10,2
RO,2018,11,2
RO,2018,12,2
RO,2018,13,6
RO,2018,14,5
RO,2018,15,6
RO,2018,16,4
RO,2018,17,6
RO,2018,18,3
RO,2018,19,3
RO,2018,2,4
RO,2018,20,4
RO,2018,21,2
RO,2018,22,6
RO,2018,23,4
RO,2018,24,6
RO,2018,25,3
RO,2018,26,4
RO,2018,27,4
RO,2018,28,2
RO,2018,29,8
RO,2018,3,3
RO,2018,30,5
RO,2018,31,4
RO,2018,32,3
RO,2018,33,5
RO,2018,34,5
RO,2018,4,6
RO,2018,5,2
RO,2018,6,5
RO,2018,7,3
RO,2018,8,5
RO,2018,9,4
RR,2017,12,1
RR,2017,16,3
RR,2017,19,2
RR,2017,21,1
RR,2017,22,2
RR,2017,26,1
RR,2017,30,1
RR,2017,41,1
RR,2017,43,2
RR,2017,45,1
RR,2017,47,1
RR,2017,6,1
RR,2018,10,1
RR,2018,11,1
RR,2018,2,1
RR,2018,20,3
RR,2018,22,2
RR,2018,24,2
RR,2018,25,1
RR,2018,26,2
RR,2018,28,1
RR,2018,30,1
RR,2018,31,5
RR,2018,32,2
RR,2018,33,1
RR,2018,34,1
RR,2018,4,3
RR,2018,6,1
RR,2018,7,1
RR,2018,8,1
RS,2016,40,26
RS,2016,41,1
RS,2017,1,2
RS,2017,10,29
RS,2017,11,42
RS,2017,12,39
RS,2017,13,30
RS,2017,14,37
RS,2017,15,25
RS,2017,16,29
RS,2017,17,35
RS,2017,18,42
RS,2017,19,48
RS,2017,2,4
RS,2017,20,55
RS,2017,21,38
RS,2017,22,49
RS,2017,23,59
RS,2017,24,39
RS,2017,25,39
RS,2017,26,49
RS,2017,27,35
RS,2017,28,49
RS,2017,29,48
RS,2017,3,12
RS,2017,30,57
RS,2017,31,66
RS,2017,32,59
RS,2017,33,60
RS,2017,34,45
RS,2017,35,48
RS,2017,36,36
RS,2017,37,63
RS,2017,38,53
RS,2017,39,56
RS,2017,4,10
RS,2017,40,53
RS,2017,41,71
RS,2017,42,63
RS,2017,43,58
RS,2017,44,56
RS,2017,45,63
RS,2017,46,69
RS,2017,47,192
RS,2017,48,114
RS,2017,49,98
RS,2017,5,19
RS,2017,50,75
RS,2017,51,46
RS,2017,52,60
RS,2017,6,33
RS,2017,7,22
RS,2017,8,15
RS,2017,9,35
RS,2018,1,73
RS,2018,10,89
RS,2018,11,100
RS,2018,12,98
RS,2018,13,87
RS,2018,14,96
RS,2018,15,81
RS,2018,16,85
RS,2018,17,100
RS,2018,18,98
RS,2018,19,114
RS,2018,2,97
RS,2018,20,78
RS,2018,21,58
RS,2018,22,67
RS,2018,23,74
RS,2018,24,90
RS,2018,25,73
RS,2018,26,79
RS,2018,27,81
RS,2018,28,49
RS,2018,29,99
RS,2018,3,88
RS,2018,30,97
RS,2018,31,93
RS,2018,32,118
RS,2018,33,122
RS,2018,34,48
RS,2018,35,10
RS,2018,36,1
RS,2018,4,92
RS,2018,5,99
RS,2018,6,98
RS,2018,7,89
RS,2018,8,102
RS,2018,9,108
SC,2016,40,7
SC,2016,41,2
SC,2017,1,3
SC,2017,10,16
SC,2017,11,16
SC,2017,12,19
SC,2017,13,16
SC,2017,14,25
SC,2017,15,19
SC,2017,16,21
SC,2017,17,28
SC,2017,18,24
SC,2017,19,27
SC,2017,2,6
SC,2017,20,40
SC,2017,21,37
SC,2017,22,34
SC,2017,23,30
SC,2017,24,26
SC,2017,25,36
SC,2017,26,26
SC,2017,27,26
SC,2017,28,37
SC,2017,29,31
SC,2017,3,6
SC,2017,30,29
SC,2017,31,25
SC,2017,32,28
SC,2017,33,47
SC,2017,34,43
SC,2017,35,39
SC,2017,36,32
SC,2017,37,41
SC,2017,38,26
SC,2017,39,31
SC,2017,4,12
SC,2017,40,33
SC,2017,41,53
SC,2017,42,42
SC,2017,43,27
SC,2017,44,35
SC,2017,45,46
SC,2017,46,57
SC,2017,47,115
SC,2017,48,90
SC,2017,49,69
SC,2017,5,22
SC,2017,50,51
SC,2017,51,38
SC,2017,52,29
SC,2017,6,22
SC,2017,7,10
SC,2017,8,14
SC,2017,9,17
SC,2018,1,39
SC,2018,10,70
SC,2018,11,66
SC,2018,12,68
SC,2018,13,62
SC,2018,14,57
SC,2018,15,64
SC,2018,16,62
SC,2018,17,66
SC,2018,18,63
SC,2018,19,71
SC,2018,2,70
SC,2018,20,66
SC,2018,21,38
SC,2018,22,44
SC,2018,23,53
SC,2018,24,64
SC,2018,25,61
SC,2018,26,61
SC,2018,27,45
SC,2018,28,30
SC,2018,29,60
SC,2018,3,65
SC,2018,30,79
SC,2018,31,79
SC,2018,32,72
SC,2018,33,61
SC,2018,34,48
SC,2018,35,2
SC,2018,39,1
SC,2018,4,49
SC,2018,40,1
SC,2018,5,64
SC,2018,6,63
SC,2018,7,64
SC,2018,8,54
SC,2018,9,65
SE,2016,40,1
SE,2017,10,1
SE,2017,11,2
SE,2017,12,3
SE,2017,13,5
SE,2017,14,1
SE,2017,15,1
SE,2017,16,6
SE,2017,17,5
SE,2017,18,1
SE,2017,19,5
SE,2017,20,4
SE,2017,21,4
SE,2017,22,4
SE,2017,23,2
SE,2017,24,2
SE,2017,25,3
SE,2017,26,5
SE,2017,27,3
SE,2017,28,2
SE,2017,29,1
SE,2017,3,1
SE,2017,30,1
SE,2017,31,5
SE,2017,32,2
SE,2017,33,1
SE,2017,34,4
SE,2017,35,3
SE,2017,36,5
SE,2017,37,6
SE,2017,38,2
SE,2017,39,2
SE,2017,4,1
SE,2017,40,2
SE,2017,41,4
SE,2017,42,1
SE,2017,43,3
SE,2017,44,4
SE,2017,45,3
SE,2017,46,3
SE,2017,47,10
SE,2017,48,10
SE,2017,49,4
SE,2017,5,1
SE,2017,50,4
SE,2017,51,1
SE,2017,52,2
SE,2017,6,4
SE,2017,8,1
SE,2017,9,2
SE,2018,1,2
SE,2018,10,4
SE,2018,12,7
SE,2018,13,7
SE,2018,14,4
SE,2018,15,9
SE,2018,16,6
SE,2018,17,6
SE,2018,18,5
SE,2018,19,8
SE,2018,2,4
SE,2018,20,2
SE,2018,21,3
SE,2018,22,3
SE,2018,23,5
SE,2018,24,6
SE,2018,25,2
SE,2018,26,4
SE,2018,27,6
SE,2018,28,4
SE,2018,29,4
SE,2018,3,6
SE,2018,30,5
SE,2018,31,9
SE,2018,32,9
SE,2018,33,9
SE,2018,34,4
SE,2018,4,5
SE,2018,5,6
SE,2018,6,2
SE,2018,7,3
SE,2018,8,12
SE,2018,9,6
SP,2016,40,104
SP,2016,41,18
SP,2016,51,1
SP,2017,1,10
SP,2017,10,260
SP,2017,11,247
SP,2017,12,258
SP,2017,13,233
SP,2017,14,257
SP,2017,15,184
SP,2017,16,244
SP,2017,17,278
SP,2017,18,332
SP,2017,19,343
SP,2017,2,25
SP,2017,20,368
SP,2017,21,326
SP,2017,22,340
SP,2017,23,326
SP,2017,24,311
SP,2017,25,273
SP,2017,26,305
SP,2017,27,350
SP,2017,28,399
SP,2017,29,405
SP,2017,3,82
SP,2017,30,395
SP,2017,31,416
SP,2017,32,374
SP,2017,33,417
SP,2017,34,353
SP,2017,35,395
SP,2017,36,385
SP,2017,37,522
SP,2017,38,445
SP,2017,39,383
SP,2017,4,159
SP,2017,40,412
SP,2017,41,414
SP,2017,42,481
SP,2017,43,425
SP,2017,44,382
SP,2017,45,503
SP,2017,46,529
SP,2017,47,1239
SP,2017,48,865
SP,2017,49,659
SP,2017,5,192
SP,2017,50,566
SP,2017,51,409
SP,2017,52,323
SP,2017,6,229
SP,2017,7,172
SP,2017,8,147
SP,2017,9,201
SP,2018,1,582
SP,2018,10,669
SP,2018,11,642
SP,2018,12,685
SP,2018,13,592
SP,2018,14,629
SP,2018,15,667
SP,2018,16,743
SP,2018,17,723
SP,2018,18,744
SP,2018,19,829
SP,2018,2,730
SP,2018,20,776
SP,2018,21,375
SP,2018,22,451
SP,2018,23,621
SP,2018,24,608
SP,2018,25,632
SP,2018,26,569
SP,2018,27,492
SP,2018,28,417
SP,2018,29,706
SP,2018,3,735
SP,2018,30,675
SP,2018,31,840
SP,2018,32,833
SP,2018,33,754
SP,2018,34,419
SP,2018,35,54
SP,2018,36,4
SP,2018,37,2
SP,2018,39,2
SP,2018,4,657
SP,2018,40,1
SP,2018,42,1
SP,2018,5,656
SP,2018,6,670
SP,2018,7,664
SP,2018,8,721
SP,2018,9,793
TO,2017,1,1
TO,2017,10,1
TO,2017,11,4
TO,2017,12,2
TO,2017,13,3
TO,2017,15,1
TO,2017,17,1
TO,2017,18,1
TO,2017,2,1
TO,2017,20,2
TO,2017,21,4
TO,2017,22,4
TO,2017,24,3
TO,2017,25,2
TO,2017,26,2
TO,2017,27,2
TO,2017,28,3
TO,2017,29,6
TO,2017,3,1
TO,2017,30,1
TO,2017,31,6
TO,2017,32,1
TO,2017,33,3
TO,2017,34,3
TO,2017,35,4
TO,2017,36,5
TO,2017,37,3
TO,2017,39,1
TO,2017,40,3
TO,2017,42,4
TO,2017,44,3
TO,2017,45,2
TO,2017,46,4
TO,2017,47,7
TO,2017,48,5
TO,2017,49,4
TO,2017,50,5
TO,2017,51,1
TO,2017,52,1
TO,2017,6,2
TO,2017,7,3
TO,2017,8,2
TO,2017,9,2
TO,2018,1,4
TO,2018,10,4
TO,2018,11,5
TO,2018,12,8
TO,2018,13,4
TO,2018,14,5
TO,2018,15,4
TO,2018,16,6
TO,2018,17,7
TO,2018,18,6
TO,2018,19,6
TO,2018,2,4
TO,2018,20,3
TO,2018,22,3
TO,2018,23,4
TO,2018,24,3
TO,2018,25,5
TO,2018,26,6
TO,2018,27,2
TO,2018,28,2
TO,2018,29,7
TO,2018,3,4
TO,2018,30,3
TO,2018,31,9
TO,2018,32,7
TO,2018,33,2
TO,2018,34,3
TO,2018,4,1
TO,2018,5,3
TO,2018,6,4
TO,2018,7,1
TO,2018,8,4
TO,2018,9,3
